X,Y,OBJECTID,ACCIDENT_NO,ABS_CODE,ACCIDENT_STATUS,ACCIDENT_DATE,ACCIDENT_TIME,ALCOHOLTIME,ACCIDENT_TYPE,DAY_OF_WEEK,DCA_CODE,HIT_RUN_FLAG,LIGHT_CONDITION,POLICE_ATTEND,ROAD_GEOMETRY,SEVERITY,SPEED_ZONE,RUN_OFFROAD,NODE_ID,LONGITUDE,LATITUDE,NODE_TYPE,LGA_NAME,REGION_NAME,VICGRID_X,VICGRID_Y,TOTAL_PERSONS,INJ_OR_FATAL,FATALITY,SERIOUSINJURY,OTHERINJURY,NONINJURED,MALES,FEMALES,BICYCLIST,PASSENGER,DRIVER,PEDESTRIAN,PILLION,MOTORIST,UNKNOWN,PED_CYCLIST_5_12,PED_CYCLIST_13_18,OLD_PEDESTRIAN,OLD_DRIVER,YOUNG_DRIVER,ALCOHOL_RELATED,UNLICENCSED,NO_OF_VEHICLES,HEAVYVEHICLE,PASSENGERVEHICLE,MOTORCYCLE,PUBLICVEHICLE,DEG_URBAN_NAME,DEG_URBAN_ALL,LGA_NAME_ALL
2476521.049,2403579.119,13,T20150013814,ABS to receive accident,Finished,1/07/2015 0:00,1:37:00,Yes,Vehicle overturned (no collision),Wednesday,OFF CARRIAGEWAY ON RIGHT BEND,No,Dark Street lights on,Yes,Not at intersection,Serious injury accident,Not known,Yes,291063,144.7331699,-37.8684244,Non-Intersection,WYNDHAM,METROPOLITAN NORTH WEST REGION,2476521.049,2403579.119,1,1,0,1,0,0,1,0,0,0,0,0,0,1,0,0,0,0,0,0,Yes,0,1,0,0,1,0,MELB_URBAN,MELB_URBAN,WYNDHAM
2508215.796,2400842.975,7,T20150013823,ABS to receive accident,Finished,1/07/2015 0:00,3:05:00,Yes,Collision with vehicle,Wednesday,CROSS TRAFFIC(INTERSECTIONS ONLY),No,Dark Street lights on,Yes,Cross intersection,Fatal accident,60 km/hr,No,41584,145.0934127,-37.89349304,Intersection,MONASH,METROPOLITAN SOUTH EAST REGION,2508215.796,2400842.975,4,2,1,1,0,2,2,0,0,1,2,0,0,1,0,0,0,0,0,0,No,0,3,0,2,1,0,MELB_URBAN,MELB_URBAN,MONASH
2531482.544,2400294.812,1420,T20150017127,ABS to receive accident,Finished,1/07/2015 0:00,4:10:00,Yes,Struck animal,Wednesday,STRUCK ANIMAL,No,Dark No street lights,No,Not at intersection,Other injury accident,70 km/hr,No,292952,145.3579613,-37.89793191,Non-Intersection,YARRA RANGES,METROPOLITAN SOUTH EAST REGION,2531482.544,2400294.812,1,1,0,0,1,0,1,0,0,0,0,0,0,1,0,0,0,0,0,0,No,0,1,0,0,1,0,MELB_URBAN,MELB_URBAN,YARRA RANGES
2463324.456,2372233.575,48,T20150013880,Non ABS accident,Private Property,1/07/2015 0:00,4:30:00,Yes,Collision with vehicle,Wednesday,OTHER ACCIDENTS NOT CLASSIFIABLE ELSEWHERE,No,Dark No street lights,Yes,Unknown,Serious injury accident,Camping grounds or off road,No,291190,144.5816,-38.15054,Off Road,GEELONG,SOUTH WESTERN REGION,2463324.456,2372233.575,3,2,0,1,1,1,1,2,0,0,1,2,0,0,0,0,0,0,0,0,No,0,3,0,3,0,0,SMALL_CITIES,SMALL_CITIES,GEELONG
2523641.665,2389398.15,14,T20150013820,Heart attk/suicide/death by nat.causes,Finished,1/07/2015 0:00,4:30:00,Yes,Struck Pedestrian,Wednesday,PED NEAR SIDE. PED HIT BY VEHICLE FROM THE RIGHT.,No,Dark Street lights on,Yes,Not at intersection,Fatal accident,100 km/hr,No,291088,145.269155,-37.99632984,Intersection,CASEY,METROPOLITAN SOUTH EAST REGION,2523641.665,2389398.15,2,1,1,0,0,1,2,0,0,0,1,1,0,0,0,0,0,0,0,0,No,0,1,1,0,0,0,MELB_URBAN,MELB_URBAN,CASEY
2444652.517,2369157.816,26,T20150013818,ABS to receive accident,Finished,1/07/2015 0:00,5:15:00,Yes,Collision with a fixed object,Wednesday,OTHER ACCIDENTS ON CURVE NOT INCLUDED IN DCAs 180-184,No,Dark Street lights on,Yes,Not at intersection,Other injury accident,60 km/hr,No,293078,144.3684268,-38.17736877,Non-Intersection,GEELONG,SOUTH WESTERN REGION,2444652.517,2369157.816,2,1,0,0,1,1,0,1,0,1,1,0,0,0,0,0,0,0,0,0,No,0,1,0,1,0,0,LARGE_PROVINCIAL_CITIES,LARGE_PROVINCIAL_CITIES,GEELONG
2516547.808,2389749.139,4,T20150013886,ABS to receive accident,Finished,1/07/2015 0:00,6:00:00,Yes,Collision with a fixed object,Wednesday,LEFT OFF CARRIAGEWAY INTO OBJECT/PARKED VEHICLE,No,Dark Street lights on,Yes,T intersection,Serious injury accident,80 km/hr,Yes,282422,145.188348,-37.99335596,Intersection,DANDENONG,METROPOLITAN SOUTH EAST REGION,2516547.808,2389749.139,1,1,0,1,0,0,1,0,0,0,0,0,0,1,0,0,0,0,0,0,No,0,1,0,0,1,0,MELB_URBAN,MELB_URBAN,DANDENONG
2521124.929,2391508.386,29,T20150013881,ABS to receive accident,Finished,1/07/2015 0:00,6:30:00,No,Collision with vehicle,Wednesday,REAR END(VEHICLES IN SAME LANE),No,Dusk/Dawn,Yes,Not at intersection,Serious injury accident,100 km/hr,No,291178,145.2404612,-37.97737037,Non-Intersection,CASEY,METROPOLITAN SOUTH EAST REGION,2521124.929,2391508.386,2,1,0,1,0,1,2,0,0,0,2,0,0,0,0,0,0,0,0,0,No,0,2,0,2,0,0,MELB_URBAN,MELB_URBAN,CASEY
2507892.775,2413445.155,1168,T20150016270,ABS to receive accident,Finished,1/07/2015 0:00,6:30:00,No,Collision with vehicle,Wednesday,REAR END(VEHICLES IN SAME LANE),No,Dark Street lights on,No,Not at intersection,Other injury accident,100 km/hr,No,292508,145.0846711,-37.77994413,Non-Intersection,BOROONDARA,METROPOLITAN SOUTH EAST REGION,2507892.775,2413445.155,5,1,0,0,1,4,3,0,0,1,2,0,0,0,2,0,0,0,0,1,No,0,4,0,2,0,0,MELB_URBAN,MELB_URBAN,BOROONDARA
2312243.463,2475165.224,35,T20150013885,ABS to receive accident,Finished,1/07/2015 0:00,6:40:00,No,Collision with vehicle,Wednesday,REAR END(VEHICLES IN SAME LANE),Yes,Dark No street lights,Yes,Not at intersection,Other injury accident,100 km/hr,No,291195,142.8844702,-37.20501458,Non-Intersection,ARARAT,WESTERN REGION,2312243.463,2475165.224,4,2,0,0,2,2,2,1,0,1,2,0,0,0,1,0,0,0,0,0,No,0,3,1,1,0,0,RURAL_VICTORIA,RURAL_VICTORIA,ARARAT
2520840.558,2392193.725,1,T20150013821,ABS to receive accident,Finished,1/07/2015 0:00,7:00:00,No,Collision with vehicle,Wednesday,REAR END(VEHICLES IN SAME LANE),No,Dusk/Dawn,Yes,Not at intersection,Serious injury accident,100 km/hr,No,291566,145.2372195,-37.97120886,Non-Intersection,CASEY,METROPOLITAN SOUTH EAST REGION,2520840.558,2392193.725,4,1,0,1,0,3,2,2,0,0,4,0,0,0,0,0,0,0,0,2,No,0,4,0,4,0,0,MELB_URBAN,MELB_URBAN,CASEY
2504288.532,2414678.239,45,T20150013830,ABS to receive accident,Finished,1/07/2015 0:00,7:50:00,No,Collision with vehicle,Wednesday,CROSS TRAFFIC(INTERSECTIONS ONLY),No,Dusk/Dawn,Yes,Cross intersection,Serious injury accident,50 km/hr,No,38161,145.048677,-37.76885321,Intersection,BANYULE,METROPOLITAN NORTH WEST REGION,2504288.532,2414678.239,2,1,0,1,0,1,1,1,1,0,1,0,0,0,0,0,0,0,0,0,No,0,2,0,1,0,0,MELB_URBAN,MELB_URBAN,BANYULE
2509339.447,2400450.255,473,T20150014893,ABS to receive accident,Finished,1/07/2015 0:00,8:00:00,No,Collision with vehicle,Wednesday,REAR END(VEHICLES IN SAME LANE),No,Dusk/Dawn,No,Cross intersection,Other injury accident,60 km/hr,No,41639,145.1062211,-37.89682165,Non-Intersection,MONASH,METROPOLITAN SOUTH EAST REGION,2509339.447,2400450.255,3,1,0,0,1,2,2,1,0,0,3,0,0,0,0,0,0,0,0,0,No,0,3,0,3,0,0,MELB_URBAN,MELB_URBAN,MONASH
2512523.609,2399626.536,49,T20150013883,ABS to receive accident,Finished,1/07/2015 0:00,9:20:00,No,Collision with vehicle,Wednesday,RIGHT NEAR (INTERSECTIONS ONLY),No,Unk.,Yes,T intersection,Other injury accident,70 km/hr,No,41743,145.1424101,-37.90441116,Intersection,MONASH,METROPOLITAN SOUTH EAST REGION,2512523.609,2399626.536,3,1,0,0,1,2,2,1,0,1,2,0,0,0,0,0,0,0,0,2,No,0,2,0,2,0,0,MELB_URBAN,MELB_URBAN,MONASH
2474395.793,2435770.75,9,T20150013836,ABS to receive accident,Finished,1/07/2015 0:00,9:45:00,No,Collision with vehicle,Wednesday,CROSS TRAFFIC(INTERSECTIONS ONLY),No,Day,Yes,Cross intersection,Serious injury accident,60 km/hr,No,43662,144.7102594,-37.57848211,Intersection,HUME,METROPOLITAN NORTH WEST REGION,2474395.793,2435770.75,2,1,0,1,0,1,2,0,0,0,1,0,0,1,0,0,0,0,0,0,No,0,2,0,1,1,0,SMALL_CITIES,SMALL_CITIES,HUME
2498954.468,2412956.946,44,T20150013827,ABS to receive accident,Finished,1/07/2015 0:00,9:50:00,No,Collision with vehicle,Wednesday,CROSS TRAFFIC(INTERSECTIONS ONLY),No,Day,Yes,Cross intersection,Other injury accident,50 km/hr,No,37854,144.9881302,-37.78437161,Intersection,YARRA,METROPOLITAN NORTH WEST REGION,2498954.468,2412956.946,2,1,0,0,1,1,1,1,1,0,1,0,0,0,0,0,0,0,0,0,No,0,2,0,1,0,0,MELB_URBAN,MELB_URBAN,YARRA
2526250.022,2381737.187,2,T20150013832,ABS to receive accident,Finished,1/07/2015 0:00,9:55:00,No,Collision with vehicle,Wednesday,CROSS TRAFFIC(INTERSECTIONS ONLY),No,Day,Yes,Cross intersection,Serious injury accident,60 km/hr,No,35737,145.2989113,-38.06527724,Intersection,CASEY,METROPOLITAN SOUTH EAST REGION,2526250.022,2381737.187,2,1,0,1,0,1,2,0,0,0,2,0,0,0,0,0,0,0,1,0,No,0,2,0,1,0,1,MELB_URBAN,MELB_URBAN,CASEY
2497184.595,2407002.593,8,T20150013829,ABS to receive accident,Finished,1/07/2015 0:00,10:10:00,No,Collision with vehicle,Wednesday,LEFT TURN SIDESWIPE,No,Day,Yes,T intersection,Other injury accident,50 km/hr,No,291879,144.9680168,-37.83801186,Non-Intersection,PORT PHILLIP,METROPOLITAN NORTH WEST REGION,2497184.595,2407002.593,2,1,0,0,1,1,2,0,1,0,1,0,0,0,0,0,0,0,0,0,No,0,2,0,1,0,0,MELB_URBAN,MELB_URBAN,PORT PHILLIP
2145012.481,2430126.022,21,T20150013914,Non ABS accident,Private Property,1/07/2015 0:00,10:30:00,No,Collision with a fixed object,Wednesday,OTHER ACCIDENTS-OFF STRAIGHT NOT INCLUDED IN DCAs 170-175,No,Day,No,Unknown,Other injury accident,Camping grounds or off road,No,291349,140.980516,-37.56213421,Off Road,GLENELG,SOUTH WESTERN REGION,2145012.481,2430126.022,1,1,0,0,1,0,1,0,0,0,1,0,0,0,0,0,0,0,0,1,No,0,1,0,1,0,0,RURAL_VICTORIA,RURAL_VICTORIA,GLENELG
2474391.955,2403749.396,15,T20150013850,Non ABS accident,Private Property,1/07/2015 0:00,10:41:00,No,Collision with a fixed object,Wednesday,OTHER MANOEUVRING NOT INCLUDED IN DCAs 140-148,No,Day,No,Private property,Serious injury accident,Camping grounds or off road,No,291404,144.7089553,-37.86690555,Off Road,WYNDHAM,METROPOLITAN NORTH WEST REGION,2474391.955,2403749.396,1,1,0,1,0,0,0,1,0,0,1,0,0,0,0,0,0,0,0,0,No,0,1,0,1,0,0,MELB_URBAN,MELB_URBAN,WYNDHAM
2729723.506,2405971.589,20,T20150013888,ABS to receive accident,Finished,1/07/2015 0:00,11:15:00,No,Collision with a fixed object,Wednesday,RIGHT OFF CARRIAGEWAY INTO OBJECT/PARKED VEHICLE,No,Unk.,Yes,Not at intersection,Other injury accident,50 km/hr,Yes,291280,147.6095264,-37.81894471,Non-Intersection,EAST GIPPSLAND,EASTERN REGION,2729723.506,2405971.589,1,1,0,0,1,0,1,0,0,0,1,0,0,0,0,0,0,0,0,1,No,0,1,0,1,0,0,SMALL_CITIES,SMALL_CITIES,EAST GIPPSLAND
2498785.388,2412867.895,38,T20150013833,ABS to receive accident,Finished,1/07/2015 0:00,11:30:00,No,Collision with vehicle,Wednesday,LEFT NEAR (INTERSECTIONS ONLY),No,Day,Yes,T intersection,Other injury accident,50 km/hr,No,49057,144.9862106,-37.78517376,Intersection,YARRA,METROPOLITAN NORTH WEST REGION,2498785.388,2412867.895,2,1,0,0,1,1,0,2,1,0,1,0,0,0,0,0,0,0,0,0,No,0,2,0,1,0,0,MELB_URBAN,MELB_URBAN,YARRA
2507053.522,2427188.691,32,T20150013844,ABS to receive accident,Finished,1/07/2015 0:00,11:30:00,No,Collision with a fixed object,Wednesday,LEFT OFF CARRIAGEWAY INTO OBJECT/PARKED VEHICLE,No,Day,Yes,Cross intersection,Other injury accident,80 km/hr,Yes,226603,145.0799938,-37.65605189,Intersection,WHITTLESEA,METROPOLITAN NORTH WEST REGION,2507053.522,2427188.691,1,1,0,0,1,0,1,0,0,0,0,0,0,1,0,0,0,0,0,0,No,0,1,0,0,1,0,MELB_URBAN,MELB_URBAN,WHITTLESEA
2249961.057,2529018.237,46,T20150013835,ABS to receive accident,Finished,1/07/2015 0:00,12:15:00,No,Collision with vehicle,Wednesday,RIGHT NEAR (INTERSECTIONS ONLY),No,Day,Yes,Cross intersection,Other injury accident,50 km/hr,No,22431,142.2008295,-36.70533847,Intersection,HORSHAM,WESTERN REGION,2249961.057,2529018.237,3,1,0,0,1,2,0,3,0,1,2,0,0,0,0,0,0,0,0,0,No,0,2,0,2,0,0,SMALL_CITIES,SMALL_CITIES,HORSHAM
2506125.446,2415973.811,27,T20150013846,ABS to receive accident,Finished,1/07/2015 0:00,12:45:00,No,Struck Pedestrian,Wednesday,PED EMERGES FROM IN FRONT OF PARKED OR STATIONARY VEHICLE,No,Day,No,Not at intersection,Other injury accident,60 km/hr,No,129213,145.069526,-37.757163,Non-Intersection,BANYULE,METROPOLITAN NORTH WEST REGION,2506125.446,2415973.811,2,1,0,0,1,1,2,0,0,0,1,1,0,0,0,0,0,0,0,1,No,0,1,0,1,0,0,MELB_URBAN,MELB_URBAN,BANYULE
2515098.884,2379460.948,10,T20150013842,ABS to receive accident,Finished,1/07/2015 0:00,13:00:00,No,Collision with vehicle,Wednesday,HEAD ON (NOT OVERTAKING),No,Day,Yes,Not at intersection,Other injury accident,80 km/hr,No,291285,145.1721196,-38.08605688,Non-Intersection,FRANKSTON,METROPOLITAN SOUTH EAST REGION,2515098.884,2379460.948,2,1,0,0,1,1,1,1,0,0,2,0,0,0,0,0,0,0,0,0,No,0,2,0,2,0,0,MELB_URBAN,MELB_URBAN,FRANKSTON
2514829.209,2393066.781,47,T20150013855,ABS to receive accident,Finished,1/07/2015 0:00,13:25:00,No,Collision with vehicle,Wednesday,VEHICLE COLLIDES WITH VEHICLE PARKED ON LEFT OF ROAD,No,Day,Yes,Not at intersection,Other injury accident,60 km/hr,No,291601,145.1689337,-37.96348274,Non-Intersection,DANDENONG,METROPOLITAN SOUTH EAST REGION,2514829.209,2393066.781,1,1,0,0,1,0,1,0,0,0,1,0,0,0,0,0,0,0,0,1,No,0,2,0,2,0,0,MELB_URBAN,MELB_URBAN,DANDENONG
2490706.473,2409439.682,33,T20150013854,ABS to receive accident,Finished,1/07/2015 0:00,13:40:00,No,Collision with vehicle,Wednesday,CROSS TRAFFIC(INTERSECTIONS ONLY),No,Day,Yes,Cross intersection,Other injury accident,50 km/hr,No,38756,144.8944421,-37.81600659,Intersection,MARIBYRNONG,METROPOLITAN NORTH WEST REGION,2490706.473,2409439.682,2,1,0,0,1,1,1,1,0,0,2,0,0,0,0,0,0,0,0,1,No,0,2,0,2,0,0,MELB_URBAN,MELB_URBAN,MARIBYRNONG
2203824.392,2341519.616,11,T20150013847,ABS to receive accident,Finished,1/07/2015 0:00,13:45:00,No,Collision with a fixed object,Wednesday,OFF END OF ROAD/T-INTERSECTION.,No,Day,Yes,T intersection,Serious injury accident,80 km/hr,No,282197,141.610066,-38.38048573,Intersection,GLENELG,SOUTH WESTERN REGION,2203824.392,2341519.616,1,1,0,1,0,0,1,0,0,0,1,0,0,0,0,0,0,0,0,0,Yes,0,1,0,1,0,0,TOWNS,TOWNS,GLENELG
2611072.62,2435854.879,121,T20150014071,ABS to receive accident,Finished,1/07/2015 0:00,14:20:00,No,Collision with a fixed object,Wednesday,OFF LEFT BEND INTO OBJECT/PARKED VEHICLE,No,Day,Yes,Not at intersection,Serious injury accident,Not known,Yes,291355,146.2578059,-37.57108126,Non-Intersection,MANSFIELD,NORTH EASTERN REGION,2611072.62,2435854.879,1,1,0,1,0,0,1,0,0,0,1,0,0,0,0,0,0,0,0,0,No,0,1,0,1,0,0,RURAL_VICTORIA,RURAL_VICTORIA,MANSFIELD
2503164.215,2362414.8,39,T20150013849,ABS to receive accident,Finished,1/07/2015 0:00,14:30:00,No,Collision with vehicle,Wednesday,LEFT NEAR (INTERSECTIONS ONLY),No,Day,No,T intersection,Other injury accident,70 km/hr,No,291207,145.0361146,-38.23969675,Non-Intersection,MORNINGTON PENINSULA,METROPOLITAN SOUTH EAST REGION,2503164.215,2362414.8,2,1,0,0,1,1,0,2,1,0,1,0,0,0,0,0,0,0,0,0,No,0,2,0,1,0,0,MELB_URBAN,MELB_URBAN,MORNINGTON PENINSULA
2285424.74,2361073.197,41,T20150013860,Non ABS accident,Private Property,1/07/2015 0:00,14:45:00,No,Vehicle overturned (no collision),Wednesday,OTHER ACCIDENTS ON CURVE NOT INCLUDED IN DCAs 180-184,No,Day,Yes,Unknown,Serious injury accident,Camping grounds or off road,No,291281,142.5493413,-38.22692253,Off Road,MOYNE,SOUTH WESTERN REGION,2285424.74,2361073.197,1,1,0,1,0,0,1,0,0,0,1,0,0,0,0,0,0,0,0,0,No,0,1,0,0,0,0,RURAL_VICTORIA,RURAL_VICTORIA,MOYNE
2483217.481,2409044.835,16,T20150013868,ABS to receive accident,Finished,1/07/2015 0:00,16:09:00,No,Collision with vehicle,Wednesday,REAR END(VEHICLES IN SAME LANE),No,Dusk/Dawn,Yes,Not at intersection,Other injury accident,100 km/hr,No,291436,144.8094163,-37.81946515,Non-Intersection,WYNDHAM,METROPOLITAN NORTH WEST REGION,2483217.481,2409044.835,3,1,0,0,1,2,2,1,0,1,2,0,0,0,0,0,0,0,0,0,No,0,2,0,2,0,0,MELB_URBAN,MELB_URBAN,WYNDHAM
2431225.822,2520109.433,57,T20150013870,ABS to receive accident,Finished,1/07/2015 0:00,16:10:00,No,Collision with a fixed object,Wednesday,LEFT OFF CARRIAGEWAY INTO OBJECT/PARKED VEHICLE,No,Dusk/Dawn,Yes,Not at intersection,Serious injury accident,60 km/hr,Yes,293457,144.2289888,-36.8161748,Non-Intersection,BENDIGO,NORTHERN REGION,2431225.822,2520109.433,3,3,0,1,2,0,2,1,0,2,1,0,0,0,0,0,0,0,0,1,No,0,1,0,1,0,0,LARGE_PROVINCIAL_CITIES,LARGE_PROVINCIAL_CITIES,BENDIGO
2490360.158,2349066.432,12,T20150013862,ABS to receive accident,Finished,1/07/2015 0:00,16:14:00,No,Collision with vehicle,Wednesday,REAR END(VEHICLES IN SAME LANE),No,Dusk/Dawn,Yes,T intersection,Serious injury accident,60 km/hr,No,1129,144.8897762,-38.35990846,Intersection,MORNINGTON PENINSULA,METROPOLITAN SOUTH EAST REGION,2490360.158,2349066.432,6,1,0,1,0,5,3,3,0,3,3,0,0,0,0,0,0,0,1,0,No,0,3,0,3,0,0,MELB_URBAN,MELB_URBAN,MORNINGTON PENINSULA
2260748.446,2701006.468,17,T20150013871,ABS to receive accident,Finished,1/07/2015 0:00,16:40:00,No,Collision with a fixed object,Wednesday,RIGHT OFF CARRIAGEWAY INTO OBJECT/PARKED VEHICLE,No,Dusk/Dawn,Yes,Not at intersection,Serious injury accident,110 km/hr,Yes,294790,142.3746902,-35.15865303,Non-Intersection,MILDURA,WESTERN REGION,2260748.446,2701006.468,2,2,0,1,1,0,1,1,0,1,1,0,0,0,0,0,0,0,0,0,No,0,1,0,1,0,0,RURAL_VICTORIA,RURAL_VICTORIA,MILDURA
2508432.818,2369132.48,28,T20150013861,ABS to receive accident,Finished,1/07/2015 0:00,16:45:00,No,Collision with vehicle,Wednesday,RIGHT THROUGH,No,Dusk/Dawn,Yes,T intersection,Serious injury accident,80 km/hr,No,288245,145.0960494,-38.17915264,Intersection,MORNINGTON PENINSULA,METROPOLITAN SOUTH EAST REGION,2508432.818,2369132.48,3,3,0,1,2,0,3,0,0,1,2,0,0,0,0,0,0,0,1,1,Yes,0,2,0,2,0,0,MELB_URBAN,MELB_URBAN,MORNINGTON PENINSULA
2495942.728,2409837.911,40,T20150013858,ABS to receive accident,Finished,1/07/2015 0:00,17:15:00,No,Struck Pedestrian,Wednesday,PED NEAR SIDE. PED HIT BY VEHICLE FROM THE RIGHT.,No,Dark Street lights on,Yes,Cross intersection,Other injury accident,40 km/hr,No,65831,144.9539699,-37.81254782,Intersection,MELBOURNE,METROPOLITAN NORTH WEST REGION,2495942.728,2409837.911,2,1,0,0,1,1,1,1,0,0,1,1,0,0,0,0,0,0,0,0,No,0,1,0,1,0,0,MELBOURNE_CBD,"MELB_URBAN,MELBOURNE_CBD",MELBOURNE
2525272.428,2375549.49,18,T20150013874,ABS to receive accident,Finished,1/07/2015 0:00,17:15:00,No,Collision with vehicle,Wednesday,RIGHT THROUGH,No,Dark Street lights on,Yes,T intersection,Serious injury accident,80 km/hr,No,287895,145.2881951,-38.12104402,Intersection,CASEY,METROPOLITAN SOUTH EAST REGION,2525272.428,2375549.49,2,1,0,1,0,1,2,0,0,0,1,0,0,1,0,0,0,0,0,0,No,0,2,0,1,1,0,MELB_URBAN,MELB_URBAN,CASEY
2532693.972,2411482.759,99,T20150013968,ABS to receive accident,Finished,1/07/2015 0:00,17:29:00,No,Collision with vehicle,Wednesday,RIGHT NEAR (INTERSECTIONS ONLY),No,Dark No street lights,No,T intersection,Other injury accident,60 km/hr,No,39857,145.3712321,-37.79708053,Intersection,YARRA RANGES,METROPOLITAN SOUTH EAST REGION,2532693.972,2411482.759,3,1,0,0,1,2,2,1,0,1,2,0,0,0,0,0,0,0,0,0,No,0,2,1,1,0,0,MELB_URBAN,MELB_URBAN,YARRA RANGES
2490983.77,2411268.57,65847,T20150014352,ABS to receive accident,Finished,1/07/2015 0:00,17:35:00,No,Collision with vehicle,Wednesday,VEHICLE STRIKES DOOR OF PARKED/STATIONARY VEHICLE,No,Dark Street lights unknown,No,Not at intersection,Other injury accident,50 km/hr,No,291427,144.897631,-37.79950651,Non-Intersection,MARIBYRNONG,METROPOLITAN NORTH WEST REGION,2490983.77,2411268.57,2,1,0,0,1,1,1,1,1,0,1,0,0,0,0,0,0,0,0,1,No,1,2,0,1,0,0,MELB_URBAN,MELB_URBAN,MARIBYRNONG
2513624.526,2411136.082,42,T20150013863,ABS to receive accident,Finished,1/07/2015 0:00,17:40:00,No,Collision with vehicle,Wednesday,REAR END(VEHICLES IN SAME LANE),No,Dark Street lights on,Yes,Not at intersection,Serious injury accident,100 km/hr,No,291289,145.1547176,-37.80064411,Non-Intersection,WHITEHORSE,METROPOLITAN SOUTH EAST REGION,2513624.526,2411136.082,10,4,0,1,3,6,3,7,0,6,4,0,0,0,0,0,0,0,0,1,No,0,4,0,4,0,0,MELB_URBAN,MELB_URBAN,WHITEHORSE
2490850.103,2404702.825,123,T20150014008,ABS to receive accident,Finished,1/07/2015 0:00,18:30:00,Yes,Collision with vehicle,Wednesday,REAR END(VEHICLES IN SAME LANE),No,Dark Street lights on,No,T intersection,Other injury accident,50 km/hr,No,291237,144.8960151,-37.85873833,Non-Intersection,HOBSONS BAY,METROPOLITAN NORTH WEST REGION,2490850.103,2404702.825,3,3,0,0,3,0,2,1,0,1,2,0,0,0,0,0,0,0,0,0,No,0,2,0,2,0,0,MELB_URBAN,MELB_URBAN,HOBSONS BAY
2514334.122,2407252.367,34,T20150013865,ABS to receive accident,Finished,1/07/2015 0:00,18:35:00,Yes,Collision with vehicle,Wednesday,VEHICLE STRIKES ANOTHER VEH WHILE EMERGING FROM DRIVEWAY,No,Dark Street lights on,Yes,T intersection,Other injury accident,50 km/hr,No,357448,145.1628635,-37.83566284,Non-Intersection,WHITEHORSE,METROPOLITAN SOUTH EAST REGION,2514334.122,2407252.367,2,1,0,0,1,1,0,2,0,0,2,0,0,0,0,0,0,0,0,0,No,0,2,0,2,0,0,MELB_URBAN,MELB_URBAN,WHITEHORSE
2553230.933,2413163.015,19,T20150013878,ABS to receive accident,Finished,1/07/2015 0:00,19:00:00,Yes,Collision with a fixed object,Wednesday,OFF RIGHT BEND INTO OBJECT/PARKED VEHICLE,No,Dark No street lights,Yes,Not at intersection,Other injury accident,50 km/hr,Yes,291158,145.6043089,-37.78097362,Non-Intersection,YARRA RANGES,METROPOLITAN SOUTH EAST REGION,2553230.933,2413163.015,1,1,0,0,1,0,1,0,0,0,1,0,0,0,0,0,0,0,0,1,No,0,1,0,1,0,0,TOWNS,TOWNS,YARRA RANGES
2527748.871,2379290.766,64,T20150013879,ABS to receive accident,Finished,1/07/2015 0:00,19:30:00,Yes,Collision with vehicle,Wednesday,RIGHT NEAR (INTERSECTIONS ONLY),No,Dark Street lights on,Yes,T intersection,Other injury accident,80 km/hr,No,291213,145.3162814,-38.0872504,Intersection,CASEY,METROPOLITAN SOUTH EAST REGION,2527748.871,2379290.766,4,3,0,0,3,1,1,3,0,2,2,0,0,0,0,0,0,0,0,2,No,0,2,0,2,0,0,MELB_URBAN,MELB_URBAN,CASEY