X,Y,OBJECTID,ACCIDENT_NO,ABS_CODE,ACCIDENT_STATUS,ACCIDENT_DATE,ACCIDENT_TIME,ALCOHOLTIME,ACCIDENT_TYPE,DAY_OF_WEEK,DCA_CODE,HIT_RUN_FLAG,LIGHT_CONDITION,POLICE_ATTEND,ROAD_GEOMETRY,SEVERITY,SPEED_ZONE,RUN_OFFROAD,NODE_ID,LONGITUDE,LATITUDE,NODE_TYPE,LGA_NAME,REGION_NAME,VICGRID_X,VICGRID_Y,TOTAL_PERSONS,INJ_OR_FATAL,FATALITY,SERIOUSINJURY,OTHERINJURY,NONINJURED,MALES,FEMALES,BICYCLIST,PASSENGER,DRIVER,PEDESTRIAN,PILLION,MOTORIST,UNKNOWN,PED_CYCLIST_5_12,PED_CYCLIST_13_18,OLD_PEDESTRIAN,OLD_DRIVER,YOUNG_DRIVER,ALCOHOL_RELATED,UNLICENCSED,NO_OF_VEHICLES,HEAVYVEHICLE,PASSENGERVEHICLE,MOTORCYCLE,PUBLICVEHICLE,DEG_URBAN_NAME,DEG_URBAN_ALL,LGA_NAME_ALL
2511279.517,2398450.678,93,T20150013948,ABS to receive accident,Finished,2/07/2015 0:00,20:45:00,Yes,Collision with vehicle,Thursday,LANE CHANGE RIGHT (NOT OVERTAKING),No,Dark Street lights on,Yes,Not at intersection,Serious injury accident,80 km/hr,No,291183,145.1281871,-37.91509211,Non-Intersection,MONASH,METROPOLITAN SOUTH EAST REGION,2511279.517,2398450.678,2,1,0,1,0,1,2,0,0,0,2,0,0,0,0,0,0,0,0,0,No,0,2,0,2,0,0,MELB_URBAN,MELB_URBAN,MONASH
2618154.233,2318411.47,70,T20150013983,ABS to receive accident,Finished,2/07/2015 0:00,21:00:00,Yes,Collision with a fixed object,Thursday,LEFT OFF CARRIAGEWAY INTO OBJECT/PARKED VEHICLE,No,Dark No street lights,No,Not at intersection,Other injury accident,100 km/hr,Yes,291441,146.3567043,-38.62849296,Non-Intersection,SOUTH GIPPSLAND,EASTERN REGION,2618154.233,2318411.47,1,1,0,0,1,0,0,1,0,0,1,0,0,0,0,0,0,0,0,1,No,0,1,0,1,0,0,RURAL_VICTORIA,RURAL_VICTORIA,SOUTH GIPPSLAND
2687199.127,2578907.904,53,T20150013978,ABS to receive accident,Finished,2/07/2015 0:00,21:40:00,Yes,Vehicle overturned (no collision),Thursday,OFF CARRIAGEWAY ON RIGHT BEND,No,Dark No street lights,Yes,Not at intersection,Serious injury accident,100 km/hr,Yes,291186,147.0836721,-36.27037376,Non-Intersection,INDIGO,NORTH EASTERN REGION,2687199.127,2578907.904,1,1,0,1,0,0,1,0,0,0,1,0,0,0,0,0,0,0,0,0,No,0,1,0,1,0,0,RURAL_VICTORIA,RURAL_VICTORIA,INDIGO
2629758.956,2483651.833,204,T20150014183,ABS to receive accident,Finished,2/07/2015 0:00,21:45:00,Yes,Collision with a fixed object,Thursday,OFF LEFT BEND INTO OBJECT/PARKED VEHICLE,No,Dark No street lights,No,Not at intersection,Other injury accident,60 km/hr,Yes,291339,146.4607288,-37.13838378,Non-Intersection,(MOUNT BULLER),NORTH EASTERN REGION,2629758.956,2483651.833,3,1,0,0,1,2,2,1,0,2,1,0,0,0,0,0,0,0,0,1,No,0,1,0,1,0,0,SMALL_TOWNS,SMALL_TOWNS,(MOUNT BULLER)
2235875.884,2695338.067,271,T20150014372,ABS to receive accident,Finished,2/07/2015 0:00,22:15:00,Yes,Vehicle overturned (no collision),Thursday,OFF CARRIAGEWAY ON LEFT BEND,No,Dark No street lights,Yes,Not at intersection,Other injury accident,100 km/hr,Yes,291559,142.1000529,-35.20332486,Non-Intersection,MILDURA,WESTERN REGION,2235875.884,2695338.067,1,1,0,0,1,0,1,0,0,0,1,0,0,0,0,0,0,0,0,0,No,0,1,1,0,0,0,RURAL_VICTORIA,RURAL_VICTORIA,MILDURA
2516221.31,2376124.595,61,T20150013953,ABS to receive accident,Finished,2/07/2015 0:00,23:30:00,Yes,Collision with a fixed object,Thursday,LEFT OFF CARRIAGEWAY INTO OBJECT/PARKED VEHICLE,No,Dark Street lights on,Yes,Not at intersection,Other injury accident,70 km/hr,Yes,291250,145.1849649,-38.11588051,Non-Intersection,FRANKSTON,METROPOLITAN SOUTH EAST REGION,2516221.31,2376124.595,1,1,0,0,1,0,1,0,0,0,1,0,0,0,0,0,0,0,0,1,No,0,1,0,1,0,0,MELB_URBAN,MELB_URBAN,FRANKSTON
2497641.868,2407187.759,540,T20150015076,ABS to receive accident,Finished,3/07/2015 0:00,1:30:00,Yes,Collision with vehicle,Friday,OTHER ADJACENT (INTERSECTIONS ONLY),No,Dark Street lights on,Yes,T intersection,Serious injury accident,60 km/hr,No,37585,144.973215,-37.83635037,Non-Intersection,PORT PHILLIP,METROPOLITAN NORTH WEST REGION,2497641.868,2407187.759,2,1,0,1,0,1,1,1,0,0,2,0,0,0,0,0,0,0,0,1,No,0,2,0,2,0,0,MELB_URBAN,MELB_URBAN,PORT PHILLIP
2517289.149,2394370.78,94,T20150013960,ABS to receive accident,Finished,3/07/2015 0:00,5:30:00,Yes,Collision with vehicle,Friday,VEHICLE COLLIDES WITH VEHICLE PARKED ON LEFT OF ROAD,No,Dark Street lights on,Yes,Not at intersection,Serious injury accident,50 km/hr,No,291999,145.1966912,-37.95166988,Non-Intersection,DANDENONG,METROPOLITAN SOUTH EAST REGION,2517289.149,2394370.78,2,2,0,1,1,0,1,1,0,1,1,0,0,0,0,0,0,0,0,0,No,0,2,0,2,0,0,MELB_URBAN,MELB_URBAN,DANDENONG
2489520.604,2429555.62,177,T20150014192,ABS to receive accident,Finished,3/07/2015 0:00,6:20:00,No,Collision with vehicle,Friday,CROSS TRAFFIC(INTERSECTIONS ONLY),No,Dusk/Dawn,No,Cross intersection,Other injury accident,Not known,No,35662,144.8813968,-37.6349764,Intersection,HUME,METROPOLITAN NORTH WEST REGION,2489520.604,2429555.62,2,1,0,0,1,1,2,0,0,0,2,0,0,0,0,0,0,0,0,1,No,0,2,0,2,0,0,RURAL_VICTORIA,RURAL_VICTORIA,HUME
2491886.57,2411138.745,89,T20150013973,ABS to receive accident,Finished,3/07/2015 0:00,6:20:00,No,Collision with vehicle,Friday,LANE SIDE SWIPE (VEHICLES IN PARALLEL LANES),No,Dusk/Dawn,Yes,Cross intersection,Other injury accident,60 km/hr,No,38810,144.9076661,-37.80072531,Intersection,MARIBYRNONG,METROPOLITAN NORTH WEST REGION,2491886.57,2411138.745,6,1,0,0,1,5,3,3,0,4,2,0,0,0,0,0,0,0,0,2,No,0,2,0,2,0,0,MELB_URBAN,MELB_URBAN,MARIBYRNONG
2331832.967,2343730.293,54,T20150013987,ABS to receive accident,Finished,3/07/2015 0:00,6:30:00,No,Collision with a fixed object,Friday,OFF LEFT BEND INTO OBJECT/PARKED VEHICLE,No,Dusk/Dawn,Yes,Not at intersection,Other injury accident,100 km/hr,Yes,293456,143.0751883,-38.39271573,Non-Intersection,CORANGAMITE,SOUTH WESTERN REGION,2331832.967,2343730.293,1,1,0,0,1,0,1,0,0,0,1,0,0,0,0,0,0,0,0,0,No,0,1,1,0,0,0,RURAL_VICTORIA,RURAL_VICTORIA,CORANGAMITE
2498405.049,2413402.052,74,T20150013982,ABS to receive accident,Finished,3/07/2015 0:00,6:35:00,No,Collision with vehicle,Friday,VEHICLE OFF FOOTPATH STRIKES VEH ON CARRIAGEWAY,No,Dark No street lights,Yes,Not at intersection,Other injury accident,50 km/hr,No,291551,144.9818931,-37.78036451,Intersection,YARRA,METROPOLITAN NORTH WEST REGION,2498405.049,2413402.052,2,1,0,0,1,1,2,0,1,0,1,0,0,0,0,0,0,0,0,0,No,0,2,0,1,0,0,MELB_URBAN,MELB_URBAN,YARRA
2522611.027,2383395.538,65839,T20150014159,ABS to receive accident,Finished,3/07/2015 0:00,6:45:00,No,Collision with vehicle,Friday,REAR END(VEHICLES IN SAME LANE),No,Dusk/Dawn,Yes,Cross intersection,Other injury accident,80 km/hr,No,11180,145.2575588,-38.05053246,Intersection,CASEY,METROPOLITAN SOUTH EAST REGION,2522611.027,2383395.538,3,1,0,0,1,2,1,1,0,0,3,0,0,0,0,0,0,0,0,1,No,0,3,0,3,0,0,MELB_URBAN,MELB_URBAN,CASEY
2521000.787,2386678.053,72,T20150013961,ABS to receive accident,Finished,3/07/2015 0:00,7:05:00,No,Collision with vehicle,Friday,RIGHT THROUGH,No,Dusk/Dawn,Yes,Cross intersection,Serious injury accident,80 km/hr,No,37105,145.2391919,-38.02093394,Intersection,DANDENONG,METROPOLITAN SOUTH EAST REGION,2521000.787,2386678.053,2,2,0,2,0,0,0,2,0,0,2,0,0,0,0,0,0,0,0,0,No,0,2,0,2,0,0,MELB_URBAN,MELB_URBAN,DANDENONG
2545254.48,2426404.835,98,T20150013963,ABS to receive accident,Finished,3/07/2015 0:00,7:10:00,No,Collision with vehicle,Friday,RIGHT REAR.,No,Dusk/Dawn,Yes,T intersection,Other injury accident,60 km/hr,No,61353,145.5128619,-37.66202359,Intersection,YARRA RANGES,METROPOLITAN SOUTH EAST REGION,2545254.48,2426404.835,3,2,0,0,2,1,2,1,0,1,2,0,0,0,0,0,0,0,0,1,No,0,2,0,2,0,0,TOWNS,TOWNS,YARRA RANGES
2506879.081,2401559.825,71,T20150013959,ABS to receive accident,Finished,3/07/2015 0:00,7:10:00,No,Struck Pedestrian,Friday,PED NEAR SIDE. PED HIT BY VEHICLE FROM THE RIGHT.,No,Dusk/Dawn,Yes,Cross intersection,Serious injury accident,80 km/hr,No,57544,145.0781996,-37.88703799,Intersection,STONNINGTON,METROPOLITAN SOUTH EAST REGION,2506879.081,2401559.825,3,2,0,2,0,1,2,1,0,0,1,2,0,0,0,0,0,0,0,0,No,0,1,0,1,0,0,MELB_URBAN,MELB_URBAN,STONNINGTON
2519712.142,2393470.716,52,T20150013976,ABS to receive accident,Finished,3/07/2015 0:00,7:20:00,No,Collision with a fixed object,Friday,OFF LEFT BEND INTO OBJECT/PARKED VEHICLE,No,Dusk/Dawn,Yes,Not at intersection,Serious injury accident,100 km/hr,Yes,291192,145.2241291,-37.95980218,Non-Intersection,DANDENONG,METROPOLITAN SOUTH EAST REGION,2519712.142,2393470.716,1,1,0,1,0,0,1,0,0,0,1,0,0,0,0,0,0,0,0,0,No,0,1,1,0,0,0,MELB_URBAN,MELB_URBAN,DANDENONG
2731687.567,2405302.854,88,T20150013966,ABS to receive accident,Finished,3/07/2015 0:00,8:30:00,No,Collision with a fixed object,Friday,OTHER ACCIDENTS-OFF STRAIGHT NOT INCLUDED IN DCAs 170-175,No,Day,Yes,Not at intersection,Other injury accident,50 km/hr,No,356988,147.6320196,-37.82440392,Non-Intersection,EAST GIPPSLAND,EASTERN REGION,2731687.567,2405302.854,1,1,0,0,1,0,0,1,0,0,1,0,0,0,0,0,0,0,0,0,No,0,1,0,1,0,0,SMALL_CITIES,SMALL_CITIES,EAST GIPPSLAND
2512222.556,2369731.341,73,T20150013980,ABS to receive accident,Finished,3/07/2015 0:00,9:37:00,No,Collision with vehicle,Friday,RIGHT THROUGH,No,Day,Yes,T intersection,Serious injury accident,80 km/hr,No,251374,145.1394842,-38.17372194,Intersection,FRANKSTON,METROPOLITAN SOUTH EAST REGION,2512222.556,2369731.341,2,1,0,1,0,1,2,0,0,0,2,0,0,0,0,0,0,0,0,0,No,0,3,0,3,0,0,MELB_URBAN,MELB_URBAN,FRANKSTON
2491826.365,2435352.922,76,T20150013988,ABS to receive accident,Finished,3/07/2015 0:00,10:00:00,No,Collision with vehicle,Friday,OTHER ON PATH,No,Day,Yes,Cross intersection,Other injury accident,40 km/hr,No,291208,144.9074341,-37.58253653,Intersection,HUME,METROPOLITAN NORTH WEST REGION,2491826.365,2435352.922,1,1,0,0,1,0,1,0,0,0,1,0,0,0,0,0,0,0,0,1,No,0,2,0,2,0,0,MELB_URBAN,MELB_URBAN,HUME
2503418.767,2393921.578,100,T20150013997,ABS to receive accident,Finished,3/07/2015 0:00,10:01:00,No,Collision with vehicle,Friday,RIGHT THROUGH,No,Day,Yes,T intersection,Serious injury accident,60 km/hr,No,42185,145.0389204,-37.9559013,Intersection,BAYSIDE,METROPOLITAN SOUTH EAST REGION,2503418.767,2393921.578,4,2,0,1,1,2,1,2,0,1,3,0,0,0,0,0,0,0,0,0,No,0,3,1,2,0,0,MELB_URBAN,MELB_URBAN,BAYSIDE
2524023.393,2376291.403,1307,T20150016172,ABS to receive accident,Finished,3/07/2015 0:00,10:30:00,No,No collision and no object struck,Friday,OUT OF CONTROL ON CARRIAGEWAY (ON STRAIGHT),No,Day,No,Not at intersection,Other injury accident,50 km/hr,No,292417,145.273931,-38.11439278,Non-Intersection,CASEY,METROPOLITAN SOUTH EAST REGION,2524023.393,2376291.403,1,1,0,0,1,0,1,0,0,0,0,0,0,1,0,0,0,0,0,0,No,0,1,0,0,1,0,MELB_URBAN,MELB_URBAN,CASEY
2510264.905,2395636.673,144,T20150014045,ABS to receive accident,Finished,3/07/2015 0:00,10:45:00,No,Collision with vehicle,Friday,RIGHT THROUGH,No,Day,Yes,T intersection,Serious injury accident,60 km/hr,No,42397,145.1168179,-37.94036813,Intersection,KINGSTON,METROPOLITAN SOUTH EAST REGION,2510264.905,2395636.673,5,1,0,1,0,4,1,4,0,3,2,0,0,0,0,0,0,0,0,0,No,0,2,0,2,0,0,MELB_URBAN,MELB_URBAN,KINGSTON
2442255.704,2380241.496,75,T20150013985,ABS to receive accident,Finished,3/07/2015 0:00,11:30:00,No,Collision with a fixed object,Friday,LEFT OFF CARRIAGEWAY INTO OBJECT/PARKED VEHICLE,No,Day,Yes,T intersection,Other injury accident,50 km/hr,Yes,291295,144.3418605,-38.07723677,Intersection,GEELONG,SOUTH WESTERN REGION,2442255.704,2380241.496,7,2,0,0,2,5,0,7,0,6,1,0,0,0,0,0,0,0,0,0,No,0,1,0,1,0,0,LARGE_PROVINCIAL_CITIES,LARGE_PROVINCIAL_CITIES,GEELONG
2490968.21,2418448.839,24,T20150013989,ABS to receive accident,Finished,3/07/2015 0:00,11:44:00,No,Collision with vehicle,Friday,LANE CHANGE RIGHT (NOT OVERTAKING),No,Day,Yes,Not at intersection,Serious injury accident,100 km/hr,No,291395,144.897559,-37.73483305,Non-Intersection,MOONEE VALLEY,METROPOLITAN NORTH WEST REGION,2490968.21,2418448.839,4,1,0,1,0,3,4,0,0,0,4,0,0,0,0,0,0,0,0,0,No,0,5,1,3,0,0,MELB_URBAN,MELB_URBAN,MOONEE VALLEY
2511042.806,2377578.425,65832,T20150013999,ABS to receive accident,Finished,3/07/2015 0:00,12:20:00,No,Fall from or in moving vehicle,Friday,FELL IN/FROM VEHICLE,No,Day,Yes,Not at intersection,Other injury accident,60 km/hr,No,103768,145.1259142,-38.10304609,Non-Intersection,FRANKSTON,METROPOLITAN SOUTH EAST REGION,2511042.806,2377578.425,2,1,0,0,1,1,0,2,0,1,1,0,0,0,0,0,0,0,1,0,No,0,1,0,1,0,0,MELB_URBAN,MELB_URBAN,FRANKSTON
2487726.4,2415745.467,931,T20150015580,ABS to receive accident,Finished,3/07/2015 0:00,12:20:00,No,Collision with vehicle,Friday,U TURN,No,Day,Yes,T intersection,Other injury accident,60 km/hr,No,45152,144.8607064,-37.75916641,Intersection,MOONEE VALLEY,METROPOLITAN NORTH WEST REGION,2487726.4,2415745.467,3,1,0,0,1,2,3,0,0,1,2,0,0,0,0,0,0,0,0,0,No,0,2,0,2,0,0,MELB_URBAN,MELB_URBAN,MOONEE VALLEY
2406925.324,2430419.436,95,T20150014003,Non ABS accident,Private Property,3/07/2015 0:00,13:00:00,No,No collision and no object struck,Friday,UNKNOWN-NO DETAILS ON MANOEUVRES OF ROAD-USERS IN ACCIDENT,No,Day,Yes,Unknown,Serious injury accident,Camping grounds or off road,No,292010,143.9455791,-37.62238316,Off Road,MOORABOOL,WESTERN REGION,2406925.324,2430419.436,1,1,0,1,0,0,1,0,0,0,0,1,0,0,0,0,0,0,0,0,No,0,1,0,1,0,0,RURAL_VICTORIA,RURAL_VICTORIA,MOORABOOL
2503736.419,2399656.277,65831,T20150013996,ABS to receive accident,Finished,3/07/2015 0:00,13:24:00,No,Collision with vehicle,Friday,RIGHT THROUGH,No,Day,Yes,T intersection,Serious injury accident,60 km/hr,No,41389,145.0424675,-37.90421982,Intersection,GLEN EIRA,METROPOLITAN SOUTH EAST REGION,2503736.419,2399656.277,3,2,0,2,0,1,2,1,0,1,2,0,0,0,0,0,0,0,0,0,No,0,3,0,3,0,0,MELB_URBAN,MELB_URBAN,GLEN EIRA
2624248.007,2353859.134,77,T20150014001,ABS to receive accident,Finished,3/07/2015 0:00,13:40:00,No,Collision with vehicle,Friday,CROSS TRAFFIC(INTERSECTIONS ONLY),No,Day,Yes,Cross intersection,Other injury accident,70 km/hr,No,54265,146.420602,-38.3083383,Intersection,LATROBE,EASTERN REGION,2624248.007,2353859.134,2,1,0,0,1,1,2,0,0,0,2,0,0,0,0,0,0,0,1,0,No,0,2,0,2,0,0,TOWNS,TOWNS,LATROBE
2670575.307,2596915.51,79,T20150014006,ABS to receive accident,Finished,3/07/2015 0:00,13:42:00,No,Collision with vehicle,Friday,REAR END(VEHICLES IN SAME LANE),No,Day,Yes,Not at intersection,Serious injury accident,60 km/hr,No,292819,146.8946962,-36.11126643,Non-Intersection,WODONGA,NORTH EASTERN REGION,2670575.307,2596915.51,3,1,0,1,0,2,1,2,0,1,2,0,0,0,0,0,0,0,1,0,No,0,2,0,2,0,0,SMALL_CITIES,SMALL_CITIES,WODONGA
2523673.85,2384714.083,255,T20150014293,ABS to receive accident,Finished,3/07/2015 0:00,14:15:00,No,No collision and no object struck,Friday,OFF CARRIAGEWAY ON RIGHT BEND,Yes,Day,Yes,T intersection,Other injury accident,50 km/hr,Yes,291905,145.2696899,-38.03849858,Intersection,CASEY,METROPOLITAN SOUTH EAST REGION,2523673.85,2384714.083,1,1,0,0,1,0,1,0,0,0,0,0,0,1,0,0,0,0,0,0,No,1,1,0,0,1,0,MELB_URBAN,MELB_URBAN,CASEY
2486780.588,2417932.119,56,T20150014011,ABS to receive accident,Finished,3/07/2015 0:00,14:16:00,No,Collision with vehicle,Friday,LANE SIDE SWIPE (VEHICLES IN PARALLEL LANES),No,Day,Yes,Not at intersection,Serious injury accident,100 km/hr,No,357449,144.8500213,-37.73945689,Non-Intersection,BRIMBANK,METROPOLITAN NORTH WEST REGION,2486780.588,2417932.119,2,1,0,1,0,1,1,1,0,0,2,0,0,0,0,0,0,0,0,1,No,0,2,1,1,0,0,MELB_URBAN,MELB_URBAN,BRIMBANK
2492922.426,2414928.919,78,T20150014005,ABS to receive accident,Finished,3/07/2015 0:00,14:20:00,No,Struck Pedestrian,Friday,PED NEAR SIDE. PED HIT BY VEHICLE FROM THE RIGHT.,Yes,Day,Yes,Cross intersection,Serious injury accident,40 km/hr,No,45388,144.9196685,-37.76657752,Intersection,MOONEE VALLEY,METROPOLITAN NORTH WEST REGION,2492922.426,2414928.919,2,1,0,1,0,1,1,0,0,0,0,1,0,0,1,0,0,1,0,0,No,0,1,0,0,0,0,MELB_URBAN,MELB_URBAN,MOONEE VALLEY
2505338.855,2433793.968,199,T20150014361,ABS to receive accident,Finished,3/07/2015 0:00,15:00:00,No,Collision with vehicle,Friday,REAR END(VEHICLES IN SAME LANE),No,Day,No,Not at intersection,Other injury accident,70 km/hr,No,291544,145.0604585,-37.59661858,Non-Intersection,WHITTLESEA,METROPOLITAN NORTH WEST REGION,2505338.855,2433793.968,2,1,0,0,1,1,1,1,0,0,2,0,0,0,0,0,0,0,0,2,No,0,2,0,2,0,0,RURAL_VICTORIA,RURAL_VICTORIA,WHITTLESEA
2490169.528,2421701.187,161,T20150014039,ABS to receive accident,Finished,3/07/2015 0:00,15:26:00,No,Collision with vehicle,Friday,REAR END(VEHICLES IN SAME LANE),No,Day,Yes,Not at intersection,Serious injury accident,100 km/hr,No,357450,144.8885061,-37.70552751,Non-Intersection,MORELAND,METROPOLITAN NORTH WEST REGION,2490169.528,2421701.187,2,1,0,1,0,1,1,1,0,0,2,0,0,0,0,0,0,0,0,1,No,0,2,0,2,0,0,MELB_URBAN,MELB_URBAN,MORELAND
2591342.411,2607576.833,65834,T20150014033,ABS to receive accident,Finished,3/07/2015 0:00,15:35:00,No,Collision with vehicle,Friday,OTHER ADJACENT (INTERSECTIONS ONLY),No,Day,Yes,Multiple intersection,Fatal accident,60 km/hr,No,223918,146.0135467,-36.02609968,Intersection,MOIRA,NORTH EASTERN REGION,2591342.411,2607576.833,6,6,2,2,2,0,4,2,0,4,2,0,0,0,0,0,0,0,0,0,No,0,2,0,2,0,0,TOWNS,TOWNS,MOIRA
2128749.546,2792650.727,65888,T20150014953,Non ABS accident,Finished,3/07/2015 0:00,16:30:00,Yes,No collision and no object struck,Friday,OTHER ACCIDENTS-OFF STRAIGHT NOT INCLUDED IN DCAs 170-175,No,Dusk/Dawn,No,Private property,Other injury accident,Camping grounds or off road,No,292420,140.9708224,-34.29409243,Off Road,MILDURA,WESTERN REGION,2128749.546,2792650.727,1,1,0,0,1,0,1,0,0,0,0,0,0,1,0,0,0,0,0,0,No,0,1,0,0,1,0,RURAL_VICTORIA,RURAL_VICTORIA,MILDURA
2499264.624,2411254.436,55,T20150014010,ABS to receive accident,Finished,3/07/2015 0:00,16:30:00,No,Struck Pedestrian,Friday,FAR SIDE. PED HIT BY VEHICLE FROM THE LEFT,No,Dusk/Dawn,Yes,T intersection,Other injury accident,40 km/hr,No,291442,144.9916563,-37.79969602,Non-Intersection,YARRA,METROPOLITAN NORTH WEST REGION,2499264.624,2411254.436,2,1,0,0,1,1,1,1,0,0,1,1,0,0,0,0,0,0,0,0,No,0,1,0,1,0,0,MELB_URBAN,MELB_URBAN,YARRA
2462529.357,2421904.691,65833,T20150014030,ABS to receive accident,Finished,3/07/2015 0:00,17:08:00,Yes,Collision with vehicle,Friday,VEHICLE OFF FOOTPATH STRIKES VEH ON CARRIAGEWAY,No,Dark Street lights on,Yes,Cross intersection,Serious injury accident,60 km/hr,No,43764,144.5750521,-37.70296357,Intersection,MELTON,METROPOLITAN NORTH WEST REGION,2462529.357,2421904.691,2,1,0,1,0,1,2,0,1,0,1,0,0,0,0,1,0,0,0,0,No,0,2,0,1,0,0,SMALL_CITIES,SMALL_CITIES,MELTON
2521673.354,2384974.661,104,T20150014036,ABS to receive accident,Finished,3/07/2015 0:00,18:00:00,Yes,Collision with vehicle,Friday,REAR END(VEHICLES IN SAME LANE),No,Dark Street lights on,Yes,Multiple intersection,Other injury accident,60 km/hr,No,47771,145.2468782,-38.03615937,Non-Intersection,DANDENONG,METROPOLITAN SOUTH EAST REGION,2521673.354,2384974.661,5,3,0,0,3,2,1,3,0,3,2,0,0,0,0,0,0,0,0,0,No,0,2,0,2,0,0,MELB_URBAN,MELB_URBAN,DANDENONG
2453819.41,2442261.338,101,T20150014017,ABS to receive accident,Finished,3/07/2015 0:00,18:20:00,Yes,Struck animal,Friday,STRUCK ANIMAL,No,Dark No street lights,Yes,Not at intersection,Serious injury accident,100 km/hr,No,291336,144.4774998,-37.51917819,Non-Intersection,MACEDON RANGES,NORTHERN REGION,2453819.41,2442261.338,2,1,0,1,0,1,1,1,0,1,1,0,0,0,0,0,0,0,0,0,No,0,1,0,1,0,0,RURAL_VICTORIA,RURAL_VICTORIA,MACEDON RANGES
2500190.35,2453466.516,62,T20150014020,ABS to receive accident,Finished,3/07/2015 0:00,18:30:00,Yes,Struck animal,Friday,STRUCK ANIMAL,No,Dark Street lights on,No,Not at intersection,Other injury accident,60 km/hr,No,291204,145.0021495,-37.41934552,Non-Intersection,MITCHELL,NORTHERN REGION,2500190.35,2453466.516,1,1,0,0,1,0,0,1,0,0,1,0,0,0,0,0,0,0,0,1,No,0,1,0,1,0,0,RURAL_VICTORIA,RURAL_VICTORIA,MITCHELL
2495743.034,2411642.807,63,T20150014024,ABS to receive accident,Finished,3/07/2015 0:00,18:40:00,Yes,Collision with vehicle,Friday,U TURN,No,Dark Street lights on,Yes,Not at intersection,Other injury accident,40 km/hr,No,291331,144.9516485,-37.79619345,Non-Intersection,MELBOURNE,METROPOLITAN NORTH WEST REGION,2495743.034,2411642.807,3,1,0,0,1,2,0,3,0,1,2,0,0,0,0,0,0,0,0,0,No,0,2,0,2,0,0,MELB_URBAN,MELB_URBAN,MELBOURNE
2388467.048,2353742.932,96,T20150014025,ABS to receive accident,Finished,3/07/2015 0:00,18:45:00,Yes,Collision with vehicle,Friday,REAR END(VEHICLES IN SAME LANE),No,Dark No street lights,Yes,Not at intersection,Other injury accident,80 km/hr,No,356989,143.7248416,-38.31106295,Non-Intersection,COLAC OTWAY,SOUTH WESTERN REGION,2388467.048,2353742.932,5,1,0,0,1,4,2,3,0,2,3,0,0,0,0,0,0,0,0,1,No,0,3,0,3,0,0,RURAL_VICTORIA,RURAL_VICTORIA,COLAC OTWAY
2400888.275,2438992.462,103,T20150014031,Non ABS accident,Private Property,3/07/2015 0:00,19:03:00,Yes,Struck Pedestrian,Friday,PARKED CAR RUN AWAY,No,Dark No street lights,Yes,Unknown,Serious injury accident,Camping grounds or off road,No,291251,143.8782814,-37.5445412,Off Road,BALLARAT,WESTERN REGION,2400888.275,2438992.462,1,1,0,1,0,0,0,1,0,0,0,1,0,0,0,0,1,0,0,0,No,0,1,0,1,0,0,LARGE_PROVINCIAL_CITIES,LARGE_PROVINCIAL_CITIES,BALLARAT
2513118.826,2392662.38,143,T20150014040,ABS to receive accident,Finished,3/07/2015 0:00,20:30:00,Yes,Collision with vehicle,Friday,RIGHT NEAR (INTERSECTIONS ONLY),No,Dark Street lights on,Yes,T intersection,Serious injury accident,80 km/hr,No,357451,145.1493217,-37.96713236,Non-Intersection,DANDENONG,METROPOLITAN SOUTH EAST REGION,2513118.826,2392662.38,3,2,0,1,1,1,1,2,0,1,2,0,0,0,0,0,0,0,0,0,No,0,2,0,2,0,0,MELB_URBAN,MELB_URBAN,DANDENONG