X,Y,OBJECTID,ACCIDENT_NO,ABS_CODE,ACCIDENT_STATUS,ACCIDENT_DATE,ACCIDENT_TIME,ALCOHOLTIME,ACCIDENT_TYPE,DAY_OF_WEEK,DCA_CODE,HIT_RUN_FLAG,LIGHT_CONDITION,POLICE_ATTEND,ROAD_GEOMETRY,SEVERITY,SPEED_ZONE,RUN_OFFROAD,NODE_ID,LONGITUDE,LATITUDE,NODE_TYPE,LGA_NAME,REGION_NAME,VICGRID_X,VICGRID_Y,TOTAL_PERSONS,INJ_OR_FATAL,FATALITY,SERIOUSINJURY,OTHERINJURY,NONINJURED,MALES,FEMALES,BICYCLIST,PASSENGER,DRIVER,PEDESTRIAN,PILLION,MOTORIST,UNKNOWN,PED_CYCLIST_5_12,PED_CYCLIST_13_18,OLD_PEDESTRIAN,OLD_DRIVER,YOUNG_DRIVER,ALCOHOL_RELATED,UNLICENCSED,NO_OF_VEHICLES,HEAVYVEHICLE,PASSENGERVEHICLE,MOTORCYCLE,PUBLICVEHICLE,DEG_URBAN_NAME,DEG_URBAN_ALL,LGA_NAME_ALL
2434490.118,2527776.098,65840,T20150014164,ABS to receive accident,Finished,6/07/2015 0:00,9:55:00,No,Collision with vehicle,Monday,CROSS TRAFFIC(INTERSECTIONS ONLY),No,Day,Yes,Cross intersection,Serious injury accident,50 km/hr,No,291305,144.2663386,-36.74739703,Intersection,BENDIGO,NORTHERN REGION,2434490.118,2527776.098,4,2,0,2,0,2,3,1,0,2,2,0,0,0,0,0,0,0,0,1,No,0,2,0,2,0,0,LARGE_PROVINCIAL_CITIES,LARGE_PROVINCIAL_CITIES,BENDIGO
2501762.212,2404630.982,415,T20150014819,ABS to receive accident,Finished,6/07/2015 0:00,10:45:00,No,Collision with vehicle,Monday,RIGHT NEAR (INTERSECTIONS ONLY),No,Day,No,T intersection,Other injury accident,60 km/hr,No,40245,145.0200374,-37.85940154,Intersection,STONNINGTON,METROPOLITAN SOUTH EAST REGION,2501762.212,2404630.982,2,1,0,0,1,1,0,2,0,0,2,0,0,0,0,0,0,0,0,0,No,0,2,0,2,0,0,MELB_URBAN,MELB_URBAN,STONNINGTON
2434456.468,2528391.231,1731,T20150017187,ABS to receive accident,Finished,6/07/2015 0:00,11:55:00,No,Collision with vehicle,Monday,CROSS TRAFFIC(INTERSECTIONS ONLY),No,Day,No,Cross intersection,Other injury accident,60 km/hr,No,59571,144.2660148,-36.74185098,Intersection,BENDIGO,NORTHERN REGION,2434456.468,2528391.231,2,1,0,0,1,1,1,1,0,0,2,0,0,0,0,0,0,0,1,0,No,0,2,0,2,0,0,LARGE_PROVINCIAL_CITIES,LARGE_PROVINCIAL_CITIES,BENDIGO
2484557.295,2404434.424,160,T20150014190,ABS to receive accident,Finished,6/07/2015 0:00,12:00:00,No,Collision with vehicle,Monday,LEFT TURN SIDESWIPE,Yes,Unk.,No,T intersection,Other injury accident,50 km/hr,No,291747,144.8244738,-37.8609426,Intersection,HOBSONS BAY,METROPOLITAN NORTH WEST REGION,2484557.295,2404434.424,2,1,0,0,1,1,2,0,0,0,1,0,0,1,0,0,0,0,0,1,No,0,2,0,1,1,0,MELB_URBAN,MELB_URBAN,HOBSONS BAY
2539530.597,2365214.835,254,T20150014187,Heart attk/suicide/death by nat.causes,Finished,6/07/2015 0:00,12:30:00,No,Struck Pedestrian,Monday,PED EMERGES FROM IN FRONT OF PARKED OR STATIONARY VEHICLE,No,Day,Yes,Not at intersection,Fatal accident,100 km/hr,No,291303,145.4514503,-38.21367356,Non-Intersection,CARDINIA,METROPOLITAN SOUTH EAST REGION,2539530.597,2365214.835,2,1,1,0,0,1,2,0,0,0,1,1,0,0,0,0,0,0,0,0,No,0,1,1,0,0,0,RURAL_VICTORIA,RURAL_VICTORIA,CARDINIA
2485476.036,2412747.085,153,T20150014176,ABS to receive accident,Finished,6/07/2015 0:00,14:19:00,No,Collision with a fixed object,Monday,RIGHT OFF CARRIAGEWAY INTO OBJECT/PARKED VEHICLE,No,Day,Yes,T intersection,Other injury accident,40 km/hr,Yes,291301,144.8350137,-37.78614176,Non-Intersection,BRIMBANK,METROPOLITAN NORTH WEST REGION,2485476.036,2412747.085,1,1,0,0,1,0,0,1,0,0,1,0,0,0,0,0,0,0,0,0,No,0,1,0,1,0,0,MELB_URBAN,MELB_URBAN,BRIMBANK
2523776.965,2391613.474,152,T20150014172,ABS to receive accident,Finished,6/07/2015 0:00,14:30:00,No,Struck Pedestrian,Monday,FAR SIDE. PED HIT BY VEHICLE FROM THE LEFT,No,Day,Yes,Cross intersection,Other injury accident,60 km/hr,No,289748,145.2704975,-37.97649311,Intersection,CASEY,METROPOLITAN SOUTH EAST REGION,2523776.965,2391613.474,2,1,0,0,1,1,1,1,0,0,1,1,0,0,0,0,0,0,0,0,No,0,1,0,1,0,0,MELB_URBAN,MELB_URBAN,CASEY
2502945.37,2427549.935,253,T20150014180,ABS to receive accident,Finished,6/07/2015 0:00,14:45:00,No,Collision with vehicle,Monday,REAR END(VEHICLES IN SAME LANE),No,Day,Yes,Not at intersection,Serious injury accident,50 km/hr,No,357452,145.0333807,-37.65288878,Non-Intersection,WHITTLESEA,METROPOLITAN NORTH WEST REGION,2502945.37,2427549.935,5,1,0,1,0,4,2,3,0,3,2,0,0,0,0,0,0,0,0,0,No,0,2,0,1,0,1,MELB_URBAN,MELB_URBAN,WHITTLESEA
2485122.614,2421002.55,205,T20150014189,ABS to receive accident,Finished,6/07/2015 0:00,15:10:00,No,Collision with vehicle,Monday,RIGHT THROUGH,No,Day,Yes,Multiple intersection,Other injury accident,60 km/hr,No,46479,144.8313266,-37.71180584,Non-Intersection,BRIMBANK,METROPOLITAN NORTH WEST REGION,2485122.614,2421002.55,2,1,0,1,0,1,1,1,0,0,2,0,0,0,0,0,0,0,0,1,No,0,2,0,2,0,0,MELB_URBAN,MELB_URBAN,BRIMBANK
2514731.42,2415422.673,1165,T20150016250,Non ABS accident,Finished,6/07/2015 0:00,15:13:00,No,Collision with vehicle,Monday,OTHER ADJACENT (INTERSECTIONS ONLY),No,Day,No,Private property,Other injury accident,Camping grounds or off road,No,292509,145.1672749,-37.76196874,Off Road,MANNINGHAM,METROPOLITAN SOUTH EAST REGION,2514731.42,2415422.673,2,1,0,0,1,1,1,1,0,0,2,0,0,0,0,0,0,0,0,0,No,0,2,0,2,0,0,MELB_URBAN,MELB_URBAN,MANNINGHAM
2394402.185,2457593.621,136,T20150014184,ABS to receive accident,Finished,6/07/2015 0:00,15:15:00,No,Collision with a fixed object,Monday,RIGHT OFF CARRIAGEWAY INTO OBJECT/PARKED VEHICLE,No,Day,Yes,Not at intersection,Other injury accident,100 km/hr,Yes,291433,143.8076569,-37.37620734,Non-Intersection,BALLARAT,WESTERN REGION,2394402.185,2457593.621,1,1,0,0,1,0,0,1,0,0,1,0,0,0,0,0,0,0,0,0,No,0,1,0,1,0,0,RURAL_VICTORIA,RURAL_VICTORIA,BALLARAT
2496034.477,2467581.783,114,T20150014186,ABS to receive accident,Finished,6/07/2015 0:00,16:20:00,No,Collision with vehicle,Monday,CROSS TRAFFIC(INTERSECTIONS ONLY),No,Dusk/Dawn,Yes,Cross intersection,Other injury accident,50 km/hr,No,54775,144.9552715,-37.29214231,Intersection,MITCHELL,NORTHERN REGION,2496034.477,2467581.783,2,1,0,0,1,1,2,0,0,0,2,0,0,0,0,0,0,0,0,1,No,0,2,0,2,0,0,TOWNS,TOWNS,MITCHELL
2423818.537,2465381.292,224,T20150014203,ABS to receive accident,Finished,6/07/2015 0:00,16:20:00,No,Collision with a fixed object,Monday,OFF LEFT BEND INTO OBJECT/PARKED VEHICLE,No,Dusk/Dawn,Yes,T intersection,Other injury accident,60 km/hr,Yes,292685,144.1405699,-37.30890314,Intersection,HEPBURN,WESTERN REGION,2423818.537,2465381.292,2,2,0,0,2,0,1,1,0,1,1,0,0,0,0,0,0,0,1,0,No,0,1,0,1,0,0,RURAL_VICTORIA,RURAL_VICTORIA,HEPBURN
2376925.869,2350430.19,178,T20150014194,ABS to receive accident,Finished,6/07/2015 0:00,16:25:00,Yes,Collision with vehicle,Monday,LEFT REAR,No,Day,Yes,Cross intersection,Other injury accident,50 km/hr,No,44693,143.5923676,-38.33947776,Intersection,COLAC OTWAY,SOUTH WESTERN REGION,2376925.869,2350430.19,5,3,0,0,3,2,2,2,0,0,2,0,0,0,3,0,0,0,0,1,No,0,2,0,2,0,0,SMALL_CITIES,SMALL_CITIES,COLAC OTWAY
2652306.376,2563707.259,192,T20150014198,ABS to receive accident,Finished,6/07/2015 0:00,16:30:00,No,Collision with a fixed object,Monday,OFF LEFT BEND INTO OBJECT/PARKED VEHICLE,No,Dusk/Dawn,Yes,Not at intersection,Other injury accident,100 km/hr,Yes,294745,146.6983687,-36.41371631,Non-Intersection,WANGARATTA,NORTH EASTERN REGION,2652306.376,2563707.259,3,3,0,0,3,0,2,1,0,2,1,0,0,0,0,0,0,0,0,0,No,0,1,0,1,0,0,RURAL_VICTORIA,RURAL_VICTORIA,"INDIGO,WANGARATTA"
2499161.945,2408466.976,2163,T20150017820,ABS to receive accident,Finished,6/07/2015 0:00,17:00:00,No,Collision with vehicle,Monday,REAR END(VEHICLES IN SAME LANE),No,Dusk/Dawn,No,Not at intersection,Other injury accident,Not known,No,293317,144.9904815,-37.82482553,Non-Intersection,YARRA,METROPOLITAN NORTH WEST REGION,2499161.945,2408466.976,2,1,0,0,1,1,0,2,0,0,2,0,0,0,0,0,0,0,0,0,No,0,2,0,2,0,0,MELB_URBAN,MELB_URBAN,YARRA
2500595.797,2417341.062,195,T20150014209,ABS to receive accident,Finished,6/07/2015 0:00,17:00:00,No,Struck Pedestrian,Monday,PED STRUCK WALKING TO/FROM OR BOARDING/ALIGHTING VEHICLE.,No,Dusk/Dawn,Yes,Not at intersection,Serious injury accident,60 km/hr,No,205258,145.0067309,-37.74485491,Non-Intersection,DAREBIN,METROPOLITAN NORTH WEST REGION,2500595.797,2417341.062,4,1,0,1,0,3,4,0,0,2,1,1,0,0,0,0,0,1,0,1,No,0,1,0,1,0,0,MELB_URBAN,MELB_URBAN,DAREBIN
2441862.829,2373492.169,210,T20150014202,ABS to receive accident,Finished,6/07/2015 0:00,17:15:00,No,Struck Pedestrian,Monday,FAR SIDE. PED HIT BY VEHICLE FROM THE LEFT,Yes,Dark Street lights on,Yes,T intersection,Serious injury accident,50 km/hr,No,49872,144.3368516,-38.13812771,Intersection,GEELONG,SOUTH WESTERN REGION,2441862.829,2373492.169,3,1,0,1,0,2,0,2,0,0,1,1,0,0,1,0,0,0,0,0,No,0,2,0,1,0,0,LARGE_PROVINCIAL_CITIES,LARGE_PROVINCIAL_CITIES,GEELONG
2526800.114,2384979.71,137,T20150014197,ABS to receive accident,Finished,6/07/2015 0:00,17:45:00,No,Collision with vehicle,Monday,VEHICLE STRIKES ANOTHER VEH WHILE EMERGING FROM DRIVEWAY,No,Dusk/Dawn,No,Not at intersection,Other injury accident,60 km/hr,No,292426,145.3054721,-38.03599255,Non-Intersection,CASEY,METROPOLITAN SOUTH EAST REGION,2526800.114,2384979.71,2,1,0,0,1,1,1,1,0,0,2,0,0,0,0,0,0,0,0,1,No,0,2,0,2,0,0,MELB_URBAN,MELB_URBAN,CASEY
2489739.069,2409792.849,179,T20150014201,ABS to receive accident,Finished,6/07/2015 0:00,17:50:00,No,Collision with vehicle,Monday,RIGHT THROUGH,No,Dusk/Dawn,Yes,Cross intersection,Serious injury accident,60 km/hr,No,29521,144.8834673,-37.81281987,Intersection,MARIBYRNONG,METROPOLITAN NORTH WEST REGION,2489739.069,2409792.849,3,2,0,1,1,1,1,2,0,1,2,0,0,0,0,0,0,0,0,1,No,0,2,0,2,0,0,MELB_URBAN,MELB_URBAN,MARIBYRNONG
2517899.346,2426696.212,5074,T20150023922,ABS to receive accident,Finished,6/07/2015 0:00,18:00:00,Yes,Vehicle overturned (no collision),Monday,OUT OF CONTROL ON CARRIAGEWAY (ON STRAIGHT),No,Dark No street lights,No,T intersection,Other injury accident,50 km/hr,No,296322,145.202806,-37.6605231,Intersection,NILLUMBIK,METROPOLITAN NORTH WEST REGION,2517899.346,2426696.212,1,1,0,0,1,0,1,0,0,0,0,0,0,1,0,0,0,0,0,0,No,0,1,0,0,1,0,RURAL_VICTORIA,RURAL_VICTORIA,NILLUMBIK
2490295.049,2410083.859,193,T20150014200,ABS to receive accident,Finished,6/07/2015 0:00,18:00:00,Yes,Struck Pedestrian,Monday,FAR SIDE. PED HIT BY VEHICLE FROM THE LEFT,No,Dark Street lights on,Yes,T intersection,Other injury accident,50 km/hr,No,38726,144.8896613,-37.81017958,Intersection,MARIBYRNONG,METROPOLITAN NORTH WEST REGION,2490295.049,2410083.859,2,1,0,0,1,1,1,1,0,0,1,1,0,0,0,0,0,0,0,0,No,0,1,0,1,0,0,MELB_URBAN,MELB_URBAN,MARIBYRNONG
2492913.69,2414315.925,2168,T20150018371,ABS to receive accident,Finished,6/07/2015 0:00,19:00:00,Yes,No collision and no object struck,Monday,OUT OF CONTROL ON CARRIAGEWAY (ON STRAIGHT),No,Dark Street lights on,Yes,T intersection,Serious injury accident,60 km/hr,No,36146,144.91956,-37.7721,Intersection,MOONEE VALLEY,METROPOLITAN NORTH WEST REGION,2492913.69,2414315.925,1,1,0,1,0,0,1,0,0,0,0,0,0,1,0,0,0,0,0,0,No,0,1,0,0,1,0,MELB_URBAN,MELB_URBAN,MOONEE VALLEY
2470474.419,2402764.621,20357,T20160025005,ABS to receive accident,Finished,6/07/2015 0:00,19:00:00,Yes,Collision with vehicle,Monday,CROSS TRAFFIC(INTERSECTIONS ONLY),No,Unk.,No,Cross intersection,Other injury accident,60 km/hr,No,44345,144.6643541,-37.87560078,Intersection,WYNDHAM,METROPOLITAN NORTH WEST REGION,2470474.419,2402764.621,2,2,0,0,2,0,0,2,0,0,2,0,0,0,0,0,0,0,0,1,No,0,2,0,2,0,0,MELB_URBAN,MELB_URBAN,WYNDHAM
2500046.564,2415770.693,737,T20150015349,ABS to receive accident,Finished,6/07/2015 0:00,19:50:00,Yes,No collision and no object struck,Monday,OTHER ACCIDENTS NOT CLASSIFIABLE ELSEWHERE,No,Dark Street lights unknown,No,Not at intersection,Other injury accident,40 km/hr,No,291988,-1,-37.75905559,Non-Intersection,DAREBIN,METROPOLITAN NORTH WEST REGION,2500046.564,2415770.693,2,1,0,0,1,1,1,0,0,1,1,0,0,0,0,0,0,0,0,0,No,0,1,0,0,0,1,MELB_URBAN,MELB_URBAN,DAREBIN
2517379.25,2369915.132,115,T20150014205,ABS to receive accident,Finished,6/07/2015 0:00,20:10:00,Yes,Collision with a fixed object,Monday,LEFT OFF CARRIAGEWAY INTO OBJECT/PARKED VEHICLE,No,Dark Street lights on,Yes,Not at intersection,Serious injury accident,50 km/hr,Yes,293521,145.1982855,-38.17201647,Non-Intersection,FRANKSTON,METROPOLITAN SOUTH EAST REGION,2517379.25,2369915.132,1,1,0,1,0,0,0,1,0,0,1,0,0,0,0,0,0,0,0,0,No,0,1,0,1,0,0,MELB_URBAN,MELB_URBAN,FRANKSTON
2529449.66,2380699.584,207,T20150014244,ABS to receive accident,Finished,6/07/2015 0:00,20:36:00,Yes,Collision with vehicle,Monday,RIGHT THROUGH,No,Dark Street lights on,Yes,Cross intersection,Other injury accident,60 km/hr,No,43862,145.3353251,-38.07452984,Intersection,CASEY,METROPOLITAN SOUTH EAST REGION,2529449.66,2380699.584,4,1,0,0,1,3,0,2,0,2,2,0,0,0,0,0,0,0,0,2,No,0,2,0,2,0,0,MELB_URBAN,MELB_URBAN,CASEY
2526590.866,2411887.445,243,T20150014276,ABS to receive accident,Finished,6/07/2015 0:00,20:40:00,Yes,Collision with vehicle,Monday,RIGHT REAR.,No,Dark Street lights off,Yes,Not at intersection,Other injury accident,60 km/hr,No,291389,145.3018829,-37.79359621,Non-Intersection,MAROONDAH,METROPOLITAN SOUTH EAST REGION,2526590.866,2411887.445,2,1,0,0,1,1,1,1,0,0,2,0,0,0,0,0,0,0,0,0,No,0,2,0,2,0,0,MELB_URBAN,MELB_URBAN,MAROONDAH
2497642.009,2410364.904,293,T20150014207,ABS to receive accident,Finished,6/07/2015 0:00,21:18:00,Yes,Collision with vehicle,Monday,CROSS TRAFFIC(INTERSECTIONS ONLY),No,Dark Street lights on,Yes,Cross intersection,Other injury accident,60 km/hr,No,222039,144.9731469,-37.80769847,Intersection,YARRA,METROPOLITAN NORTH WEST REGION,2497642.009,2410364.904,4,1,0,0,1,3,1,1,0,2,2,0,0,0,0,0,0,0,0,0,No,0,2,0,2,0,0,MELB_URBAN,MELB_URBAN,"MELBOURNE,YARRA"
2445005.784,2370197.563,65842,T20150014211,ABS to receive accident,Finished,7/07/2015 0:00,0:29:00,Yes,Struck Pedestrian,Tuesday,PED NEAR SIDE. PED HIT BY VEHICLE FROM THE RIGHT.,Yes,Dark Street lights on,Yes,Cross intersection,Other injury accident,50 km/hr,No,50090,144.3724146,-38.16794402,Intersection,GEELONG,SOUTH WESTERN REGION,2445005.784,2370197.563,2,1,0,0,1,1,1,0,0,0,0,1,0,0,1,0,0,0,0,0,No,0,1,0,0,0,0,LARGE_PROVINCIAL_CITIES,LARGE_PROVINCIAL_CITIES,GEELONG
2443424.741,2377863.405,294,T20150014214,ABS to receive accident,Finished,7/07/2015 0:00,5:40:00,Yes,Collision with vehicle,Tuesday,REAR END(VEHICLES IN SAME LANE),No,Dark Street lights on,Yes,Cross intersection,Other injury accident,80 km/hr,No,57632,144.355022,-38.09882187,Intersection,GEELONG,SOUTH WESTERN REGION,2443424.741,2377863.405,2,1,0,0,1,1,2,0,0,0,2,0,0,0,0,0,0,0,0,0,No,0,2,0,2,0,0,LARGE_PROVINCIAL_CITIES,LARGE_PROVINCIAL_CITIES,GEELONG
2528484.749,2385419.04,1089,T20150016109,ABS to receive accident,Finished,7/07/2015 0:00,6:20:00,No,Collision with vehicle,Tuesday,REAR END(VEHICLES IN SAME LANE),No,Dark No street lights,No,Not at intersection,Other injury accident,100 km/hr,No,293283,145.3244803,-38.0320197,Non-Intersection,CASEY,METROPOLITAN SOUTH EAST REGION,2528484.749,2385419.04,5,1,0,0,1,4,3,0,0,1,2,0,0,0,2,0,0,0,0,1,No,0,4,0,2,0,0,MELB_URBAN,MELB_URBAN,CASEY
2523499.358,2388894.049,317,T20150014495,ABS to receive accident,Finished,7/07/2015 0:00,6:22:00,No,Collision with vehicle,Tuesday,CUTTING IN (OVERTAKING),No,Dark Street lights on,Yes,T intersection,Serious injury accident,60 km/hr,No,291602,145.2675374,-38.00092743,Non-Intersection,CASEY,METROPOLITAN SOUTH EAST REGION,2523499.358,2388894.049,2,1,0,1,0,1,1,0,0,0,1,0,0,0,1,0,0,0,0,0,No,0,2,0,1,0,0,MELB_URBAN,MELB_URBAN,CASEY
2236320.74,2807454.882,414,T20150014801,ABS to receive accident,Finished,7/07/2015 0:00,6:50:00,No,Collision with vehicle,Tuesday,CROSS TRAFFIC(INTERSECTIONS ONLY),No,Dark Street lights on,No,Cross intersection,Other injury accident,60 km/hr,No,49252,142.1418554,-34.19388863,Intersection,MILDURA,WESTERN REGION,2236320.74,2807454.882,2,1,0,0,1,1,1,1,0,0,2,0,0,0,0,0,0,0,0,1,No,0,2,0,2,0,0,SMALL_CITIES,SMALL_CITIES,MILDURA
2501666.915,2409258.779,116,T20150014217,ABS to receive accident,Finished,7/07/2015 0:00,7:28:00,No,No collision and no object struck,Tuesday,OUT OF CONTROL ON CARRIAGEWAY (ON STRAIGHT),No,Dark Street lights on,Yes,Not at intersection,Serious injury accident,60 km/hr,No,291335,145.0189441,-37.81769578,Non-Intersection,BOROONDARA,METROPOLITAN SOUTH EAST REGION,2501666.915,2409258.779,1,1,0,1,0,0,1,0,0,0,0,0,0,1,0,0,0,0,0,0,Yes,0,1,0,0,1,0,MELB_URBAN,MELB_URBAN,BOROONDARA
2510848.453,2410926.895,201,T20150014386,ABS to receive accident,Finished,7/07/2015 0:00,7:45:00,No,Collision with vehicle,Tuesday,VEHICLE STRIKES ANOTHER VEH WHILE EMERGING FROM DRIVEWAY,No,Dusk/Dawn,No,Not at intersection,Other injury accident,Camping grounds or off road,No,293604,145.1232551,-37.80260613,Non-Intersection,WHITEHORSE,METROPOLITAN SOUTH EAST REGION,2510848.453,2410926.895,2,1,0,0,1,1,2,0,1,0,1,0,0,0,0,0,0,0,0,0,No,0,2,0,1,0,0,MELB_URBAN,MELB_URBAN,WHITEHORSE
2519213.356,2389309.624,287,T20150014277,ABS to receive accident,Finished,7/07/2015 0:00,8:00:00,No,Collision with vehicle,Tuesday,LEFT OFF CARRIAGEWAY INTO OBJECT/PARKED VEHICLE,No,Dusk/Dawn,Yes,Not at intersection,Serious injury accident,80 km/hr,Yes,291991,145.21856,-37.99719,Non-Intersection,DANDENONG,METROPOLITAN SOUTH EAST REGION,2519213.356,2389309.624,3,1,0,1,0,2,1,0,0,0,3,0,0,0,0,0,0,0,0,0,No,1,3,0,3,0,0,MELB_URBAN,MELB_URBAN,DANDENONG
2633257.058,2370945.77,168,T20150014248,ABS to receive accident,Finished,7/07/2015 0:00,8:20:00,No,Vehicle overturned (no collision),Tuesday,OFF CARRIAGEWAY ON RIGHT BEND,No,Dusk/Dawn,Yes,Not at intersection,Serious injury accident,100 km/hr,Yes,291515,146.5201693,-38.15301797,Non-Intersection,LATROBE,EASTERN REGION,2633257.058,2370945.77,1,1,0,1,0,0,0,1,0,0,1,0,0,0,0,0,0,0,0,1,No,0,1,0,1,0,0,RURAL_VICTORIA,RURAL_VICTORIA,LATROBE
2655253.584,2375388.68,7935,T20160002861,ABS to receive accident,Finished,7/07/2015 0:00,8:30:00,No,No collision and no object struck,Tuesday,OTHER ACCIDENTS ON CURVE NOT INCLUDED IN DCAs 180-184,No,Day,No,Not at intersection,Other injury accident,100 km/hr,No,299640,146.7703237,-38.10982037,Non-Intersection,WELLINGTON,EASTERN REGION,2655253.584,2375388.68,1,1,0,0,1,0,1,0,0,0,1,0,0,0,0,0,0,0,0,0,No,0,1,1,0,0,0,RURAL_VICTORIA,RURAL_VICTORIA,WELLINGTON
2450519.391,2423680.846,225,T20150014236,ABS to receive accident,Finished,7/07/2015 0:00,8:40:00,No,Collision with vehicle,Tuesday,VEHICLE STRIKES ANOTHER VEH WHILE EMERGING FROM DRIVEWAY,No,Dusk/Dawn,Yes,Not at intersection,Other injury accident,50 km/hr,No,291337,144.4389771,-37.68643348,Non-Intersection,MOORABOOL,WESTERN REGION,2450519.391,2423680.846,2,1,0,0,1,1,1,1,0,0,2,0,0,0,0,0,0,0,0,1,No,0,2,0,1,0,1,SMALL_CITIES,SMALL_CITIES,MOORABOOL
2635998.091,2366567.521,4310,T20150021403,ABS to receive accident,Finished,7/07/2015 0:00,9:00:00,No,Collision with vehicle,Tuesday,REAR END(VEHICLES IN SAME LANE),No,Day,Not known,Cross intersection,Other injury accident,60 km/hr,No,53331,146.5514769,-38.19547533,Intersection,LATROBE,EASTERN REGION,2635998.091,2366567.521,2,1,0,0,1,1,1,1,0,0,2,0,0,0,0,0,0,0,0,0,No,0,2,0,2,0,0,SMALL_CITIES,SMALL_CITIES,LATROBE
2508805.086,2393907.236,167,T20150014225,ABS to receive accident,Finished,7/07/2015 0:00,9:15:00,No,Collision with vehicle,Tuesday,RIGHT THROUGH,No,Day,Yes,Cross intersection,Other injury accident,70 km/hr,No,42362,145.1001901,-37.95596507,Intersection,KINGSTON,METROPOLITAN SOUTH EAST REGION,2508805.086,2393907.236,2,1,0,0,1,1,1,1,0,0,2,0,0,0,0,0,0,0,0,0,No,0,2,0,2,0,0,MELB_URBAN,MELB_URBAN,KINGSTON
2501783.832,2409808.766,1974,T20150017538,ABS to receive accident,Finished,7/07/2015 0:00,9:15:00,No,Collision with vehicle,Tuesday,RIGHT FAR (INTERSECTIONS ONLY),No,Day,No,Cross intersection,Other injury accident,60 km/hr,No,38868,145.0202629,-37.81273167,Intersection,BOROONDARA,METROPOLITAN SOUTH EAST REGION,2501783.832,2409808.766,2,1,0,0,1,1,1,1,0,0,2,0,0,0,0,0,0,0,0,0,No,0,2,0,2,0,0,MELB_URBAN,MELB_URBAN,BOROONDARA
2509339.447,2400450.255,65843,T20150014227,ABS to receive accident,Finished,7/07/2015 0:00,9:40:00,No,Collision with vehicle,Tuesday,CROSS TRAFFIC(INTERSECTIONS ONLY),No,Day,Yes,Cross intersection,Serious injury accident,70 km/hr,No,41639,145.1061644,-37.89691517,Non-Intersection,MONASH,METROPOLITAN SOUTH EAST REGION,2509339.447,2400450.255,2,1,0,1,0,1,1,1,0,0,2,0,0,0,0,0,0,0,0,0,No,0,2,0,2,0,0,MELB_URBAN,MELB_URBAN,MONASH
2493519.965,2415870.515,298,T20150014251,ABS to receive accident,Finished,7/07/2015 0:00,10:25:00,No,Struck Pedestrian,Tuesday,PED NEAR SIDE. PED HIT BY VEHICLE FROM THE RIGHT.,No,Day,Yes,Cross intersection,Other injury accident,60 km/hr,No,45410,144.9264026,-37.75801458,Intersection,MOONEE VALLEY,METROPOLITAN NORTH WEST REGION,2493519.965,2415870.515,2,1,0,0,1,1,1,1,0,0,1,1,0,0,0,0,0,0,0,0,No,0,1,0,1,0,0,MELB_URBAN,MELB_URBAN,MOONEE VALLEY
2443882.076,2372260.507,296,T20150014229,ABS to receive accident,Finished,7/07/2015 0:00,10:50:00,No,Collision with vehicle,Tuesday,VEHICLE OFF FOOTPATH STRIKES VEH ON CARRIAGEWAY,No,Day,Yes,Cross intersection,Other injury accident,60 km/hr,No,1192,144.3598098,-38.14936147,Intersection,GEELONG,SOUTH WESTERN REGION,2443882.076,2372260.507,2,1,0,0,1,1,2,0,1,0,1,0,0,0,0,0,0,0,0,1,No,0,2,0,1,0,0,LARGE_PROVINCIAL_CITIES,LARGE_PROVINCIAL_CITIES,GEELONG