X,Y,OBJECTID,ACCIDENT_NO,ABS_CODE,ACCIDENT_STATUS,ACCIDENT_DATE,ACCIDENT_TIME,ALCOHOLTIME,ACCIDENT_TYPE,DAY_OF_WEEK,DCA_CODE,HIT_RUN_FLAG,LIGHT_CONDITION,POLICE_ATTEND,ROAD_GEOMETRY,SEVERITY,SPEED_ZONE,RUN_OFFROAD,NODE_ID,LONGITUDE,LATITUDE,NODE_TYPE,LGA_NAME,REGION_NAME,VICGRID_X,VICGRID_Y,TOTAL_PERSONS,INJ_OR_FATAL,FATALITY,SERIOUSINJURY,OTHERINJURY,NONINJURED,MALES,FEMALES,BICYCLIST,PASSENGER,DRIVER,PEDESTRIAN,PILLION,MOTORIST,UNKNOWN,PED_CYCLIST_5_12,PED_CYCLIST_13_18,OLD_PEDESTRIAN,OLD_DRIVER,YOUNG_DRIVER,ALCOHOL_RELATED,UNLICENCSED,NO_OF_VEHICLES,HEAVYVEHICLE,PASSENGERVEHICLE,MOTORCYCLE,PUBLICVEHICLE,DEG_URBAN_NAME,DEG_URBAN_ALL,LGA_NAME_ALL
2512049.421,2399223.62,973,T20150015686,ABS to receive accident,Finished,9/07/2015 0:00,15:10:00,No,No collision and no object struck,Thursday,OUT OF CONTROL ON CARRIAGEWAY (ON STRAIGHT),No,Day,No,Y intersection,Other injury accident,60 km/hr,No,292221,145.1364841,-37.90811801,Non-Intersection,MONASH,METROPOLITAN SOUTH EAST REGION,2512049.421,2399223.62,1,1,0,0,1,0,1,0,0,0,0,0,0,1,0,0,0,0,0,0,No,0,1,0,0,1,0,MELB_URBAN,MELB_URBAN,MONASH
2466930.538,2400914.725,219,T20150014389,ABS to receive accident,Finished,9/07/2015 0:00,15:30:00,No,Collision with vehicle,Thursday,RIGHT NEAR (INTERSECTIONS ONLY),No,Day,Yes,T intersection,Other injury accident,50 km/hr,No,292545,144.6240327,-37.89229336,Intersection,WYNDHAM,METROPOLITAN NORTH WEST REGION,2466930.538,2400914.725,2,1,0,0,1,1,1,1,0,0,2,0,0,0,0,0,0,0,0,2,No,0,2,0,2,0,0,MELB_URBAN,MELB_URBAN,WYNDHAM
2708383.987,2584701.895,65853,T20150014391,ABS to receive accident,Finished,9/07/2015 0:00,15:45:00,No,Collision with vehicle,Thursday,HEAD ON (NOT OVERTAKING),No,Day,Yes,Not at intersection,Serious injury accident,100 km/hr,No,291478,147.3177994,-36.21376419,Non-Intersection,TOWONG,NORTH EASTERN REGION,2708383.987,2584701.895,6,4,0,1,3,2,4,2,0,4,2,0,0,0,0,0,0,0,0,1,No,0,2,0,2,0,0,RURAL_VICTORIA,RURAL_VICTORIA,TOWONG
2495919.679,2416526.641,217,T20150014382,ABS to receive accident,Finished,9/07/2015 0:00,15:48:00,No,Collision with vehicle,Thursday,REVERSING IN STREAM OF TRAFFIC,No,Day,Yes,Not at intersection,Serious injury accident,50 km/hr,No,291931,144.9537675,-37.75221806,Non-Intersection,MORELAND,METROPOLITAN NORTH WEST REGION,2495919.679,2416526.641,2,1,0,1,0,1,2,0,0,0,2,0,0,0,0,0,0,0,1,0,No,0,2,0,2,0,0,MELB_URBAN,MELB_URBAN,MORELAND
2507106.344,2401475.709,312,T20150014384,Non ABS accident,Finished,9/07/2015 0:00,15:50:00,No,Struck Pedestrian,Thursday,ANY MANOEUVRE INVOLVING PED NOT INCLUDED IN DCAs 100-108.,No,Day,Yes,Private property,Other injury accident,Camping grounds or off road,No,291557,145.0807876,-37.88779056,Off Road,STONNINGTON,METROPOLITAN SOUTH EAST REGION,2507106.344,2401475.709,3,1,0,0,1,2,1,2,0,1,1,1,0,0,0,0,0,1,0,0,No,0,1,0,1,0,0,MELB_URBAN,MELB_URBAN,STONNINGTON
2496386.198,2416234.445,986,T20150016272,ABS to receive accident,Finished,9/07/2015 0:00,16:15:00,No,Collision with vehicle,Thursday,VEHICLE STRIKES ANOTHER VEH WHILE EMERGING FROM DRIVEWAY,No,Dusk/Dawn,No,T intersection,Other injury accident,60 km/hr,No,292551,144.9590197,-37.75466966,Non-Intersection,MORELAND,METROPOLITAN NORTH WEST REGION,2496386.198,2416234.445,3,1,0,0,1,2,2,1,0,1,1,0,0,1,0,0,0,0,0,0,No,0,2,0,1,1,0,MELB_URBAN,MELB_URBAN,MORELAND
2244880.563,2509804.154,304,T20150014404,ABS to receive accident,Finished,9/07/2015 0:00,16:18:00,No,Collision with vehicle,Thursday,CROSS TRAFFIC(INTERSECTIONS ONLY),No,Dusk/Dawn,Yes,Cross intersection,Other injury accident,100 km/hr,No,59911,142.1375804,-36.8770639,Intersection,HORSHAM,WESTERN REGION,2244880.563,2509804.154,2,1,0,0,1,1,2,0,0,0,1,0,0,1,0,0,0,0,0,0,No,0,2,0,1,1,0,RURAL_VICTORIA,RURAL_VICTORIA,HORSHAM
2495717.056,2428606.433,302,T20150014395,ABS to receive accident,Finished,9/07/2015 0:00,17:00:00,No,Collision with vehicle,Thursday,RIGHT THROUGH,No,Dusk/Dawn,Yes,Cross intersection,Other injury accident,80 km/hr,No,221383,144.9514761,-37.64336929,Intersection,HUME,METROPOLITAN NORTH WEST REGION,2495717.056,2428606.433,6,2,0,0,2,4,5,1,0,3,3,0,0,0,0,0,0,0,0,1,No,0,3,0,3,0,0,MELB_URBAN,MELB_URBAN,HUME
2482048.173,2418277.486,313,T20150014394,ABS to receive accident,Finished,9/07/2015 0:00,17:25:00,No,Collision with vehicle,Thursday,RIGHT NEAR (INTERSECTIONS ONLY),No,Dark Street lights on,Yes,T intersection,Other injury accident,60 km/hr,No,54270,144.7963647,-37.7362741,Intersection,BRIMBANK,METROPOLITAN NORTH WEST REGION,2482048.173,2418277.486,2,1,0,0,1,1,1,1,0,0,2,0,0,0,0,0,0,0,0,2,No,0,3,0,3,0,0,MELB_URBAN,MELB_URBAN,BRIMBANK
2498793.409,2410636.089,221,T20150014408,ABS to receive accident,Finished,9/07/2015 0:00,17:58:00,No,Struck Pedestrian,Thursday,PED NEAR SIDE. PED HIT BY VEHICLE FROM THE RIGHT.,No,Dark Street lights on,Yes,Cross intersection,Other injury accident,40 km/hr,No,36604,144.986298,-37.80528266,Intersection,YARRA,METROPOLITAN NORTH WEST REGION,2498793.409,2410636.089,2,1,0,0,1,1,1,1,0,0,1,1,0,0,0,0,0,0,0,1,No,0,1,0,1,0,0,MELB_URBAN,MELB_URBAN,YARRA
2499676.278,2412040.587,839,T20150015357,ABS to receive accident,Finished,9/07/2015 0:00,18:00:00,Yes,Collision with vehicle,Thursday,VEHICLE STRIKES DOOR OF PARKED/STATIONARY VEHICLE,No,Dark Street lights unknown,No,T intersection,Other injury accident,50 km/hr,No,292054,144.9961106,-37.79261509,Intersection,YARRA,METROPOLITAN NORTH WEST REGION,2499676.278,2412040.587,2,1,0,0,1,1,0,1,1,0,0,0,0,0,1,0,0,0,0,0,No,0,2,0,0,0,0,MELB_URBAN,MELB_URBAN,YARRA
2505243.54,2395189.808,384,T20150014399,ABS to receive accident,Finished,9/07/2015 0:00,18:45:00,Yes,Collision with vehicle,Thursday,RIGHT NEAR (INTERSECTIONS ONLY),No,Dark Street lights on,Yes,T intersection,Other injury accident,60 km/hr,No,69957,145.0596553,-37.94443668,Intersection,KINGSTON,METROPOLITAN SOUTH EAST REGION,2505243.54,2395189.808,3,1,0,0,1,2,1,2,0,1,2,0,0,0,0,0,0,0,0,1,No,0,2,0,2,0,0,MELB_URBAN,MELB_URBAN,KINGSTON
2509938.181,2408140.006,385,T20150014409,ABS to receive accident,Finished,9/07/2015 0:00,18:55:00,Yes,Collision with vehicle,Thursday,RIGHT THROUGH,No,Dusk/Dawn,Yes,Cross intersection,Serious injury accident,60 km/hr,No,39259,145.1128914,-37.82772017,Intersection,WHITEHORSE,METROPOLITAN SOUTH EAST REGION,2509938.181,2408140.006,3,1,0,1,0,2,2,1,0,1,2,0,0,0,0,0,0,0,0,1,No,0,2,0,2,0,0,MELB_URBAN,MELB_URBAN,WHITEHORSE
2471896.375,2400760.144,645,T20150015184,ABS to receive accident,Finished,9/07/2015 0:00,20:00:00,Yes,Collision with vehicle,Thursday,VEHICLE STRIKES ANOTHER VEH WHILE EMERGING FROM DRIVEWAY,No,Dark Street lights off,Not known,T intersection,Other injury accident,60 km/hr,No,46898,144.680447,-37.89383162,Non-Intersection,WYNDHAM,METROPOLITAN NORTH WEST REGION,2471896.375,2400760.144,2,1,0,0,1,1,1,1,0,0,2,0,0,0,0,0,0,0,0,0,No,0,2,0,2,0,0,MELB_URBAN,MELB_URBAN,WYNDHAM
2507273.676,2420757.881,65854,T20150014405,ABS to receive accident,Finished,9/07/2015 0:00,20:18:00,Yes,Collision with vehicle,Thursday,RIGHT THROUGH,No,Dark Street lights on,Yes,Multiple intersection,Other injury accident,60 km/hr,No,46437,145.0822892,-37.71422576,Intersection,BANYULE,METROPOLITAN NORTH WEST REGION,2507273.676,2420757.881,2,1,0,0,1,1,2,0,0,0,1,0,0,1,0,0,0,0,0,1,No,0,2,0,1,1,0,MELB_URBAN,MELB_URBAN,BANYULE
2524800.422,2376440.535,351,T20150014420,ABS to receive accident,Finished,9/07/2015 0:00,21:11:00,Yes,Collision with vehicle,Thursday,RIGHT THROUGH,No,Dark Street lights on,Yes,Cross intersection,Other injury accident,60 km/hr,No,29766,145.2827615,-38.11301873,Intersection,CASEY,METROPOLITAN SOUTH EAST REGION,2524800.422,2376440.535,4,1,0,0,1,3,1,3,0,2,2,0,0,0,0,0,0,0,0,0,No,0,2,0,2,0,0,MELB_URBAN,MELB_URBAN,CASEY
2501512.431,2408199.359,283,T20150014412,ABS to receive accident,Finished,9/07/2015 0:00,21:58:00,Yes,Collision with vehicle,Thursday,RIGHT THROUGH,No,Dark Street lights on,Yes,T intersection,Serious injury accident,60 km/hr,No,37365,145.017182,-37.82726741,Intersection,YARRA,METROPOLITAN NORTH WEST REGION,2501512.431,2408199.359,3,1,0,1,0,2,1,2,0,1,2,0,0,0,0,0,0,0,0,0,No,0,2,0,2,0,0,MELB_URBAN,MELB_URBAN,YARRA
2489667.782,2412564.372,394,T20150014487,Non ABS accident,Finished,9/07/2015 0:00,22:10:00,Yes,Struck Pedestrian,Thursday,ANY MANOEUVRE INVOLVING PED NOT INCLUDED IN DCAs 100-108.,No,Dark Street lights on,No,Private property,Other injury accident,Camping grounds or off road,No,292193,144.8826948,-37.78785206,Off Road,MARIBYRNONG,METROPOLITAN NORTH WEST REGION,2489667.782,2412564.372,2,1,0,0,1,1,1,1,0,0,1,1,0,0,0,0,0,1,1,0,No,0,2,0,2,0,0,MELB_URBAN,MELB_URBAN,MARIBYRNONG
2358189.66,2473991.67,386,T20150014417,ABS to receive accident,Finished,10/07/2015 0:00,4:40:00,Yes,Struck animal,Friday,STRUCK ANIMAL,No,Dark No street lights,Yes,Not at intersection,Other injury accident,80 km/hr,No,356992,143.4018426,-37.22366412,Non-Intersection,PYRENEES,WESTERN REGION,2358189.66,2473991.67,1,1,0,0,1,0,1,0,0,0,1,0,0,0,0,0,0,0,0,0,No,0,1,0,1,0,0,RURAL_VICTORIA,RURAL_VICTORIA,PYRENEES
2459348.625,2360334.77,350,T20150014418,ABS to receive accident,Finished,10/07/2015 0:00,7:25:00,No,Collision with vehicle,Friday,CROSS TRAFFIC(INTERSECTIONS ONLY),No,Dusk/Dawn,Yes,Cross intersection,Serious injury accident,60 km/hr,No,50277,144.5356262,-38.25753617,Intersection,GEELONG,SOUTH WESTERN REGION,2459348.625,2360334.77,2,1,0,1,0,1,2,0,1,0,1,0,0,0,0,0,0,0,0,0,No,0,2,0,1,0,0,SMALL_CITIES,SMALL_CITIES,GEELONG
2486706.184,2347962.588,65855,T20150014424,ABS to receive accident,Finished,10/07/2015 0:00,7:30:00,No,Collision with a fixed object,Friday,LEFT OFF CARRIAGEWAY INTO OBJECT/PARKED VEHICLE,No,Dusk/Dawn,Yes,Not at intersection,Other injury accident,50 km/hr,Yes,291464,144.8479064,-38.36982148,Non-Intersection,MORNINGTON PENINSULA,METROPOLITAN SOUTH EAST REGION,2486706.184,2347962.588,1,1,0,0,1,0,0,1,0,0,1,0,0,0,0,0,0,0,0,1,Yes,0,1,0,1,0,0,MELB_URBAN,MELB_URBAN,MORNINGTON PENINSULA
2507684.904,2400295.295,433,T20150014456,ABS to receive accident,Finished,10/07/2015 0:00,7:34:00,No,Collision with vehicle,Friday,REAR END(VEHICLES IN SAME LANE),No,Dusk/Dawn,Yes,T intersection,Other injury accident,60 km/hr,No,41559,145.0873592,-37.8984171,Intersection,MONASH,METROPOLITAN SOUTH EAST REGION,2507684.904,2400295.295,2,1,0,0,1,1,2,0,0,0,1,0,0,1,0,0,0,0,0,0,No,0,2,0,1,1,0,MELB_URBAN,MELB_URBAN,MONASH
2714063.786,2486728.43,65857,T20150014452,ABS to receive accident,Finished,10/07/2015 0:00,7:45:00,No,Vehicle overturned (no collision),Friday,OFF CARRIAGEWAY ON LEFT BEND,No,Dusk/Dawn,Yes,Not at intersection,Serious injury accident,100 km/hr,Yes,292660,147.408529,-37.09518217,Non-Intersection,EAST GIPPSLAND,EASTERN REGION,2714063.786,2486728.43,7,3,0,2,1,4,2,5,0,5,2,0,0,0,0,0,0,0,0,0,No,0,2,0,2,0,0,RURAL_VICTORIA,RURAL_VICTORIA,EAST GIPPSLAND
2496730.362,2420207.241,314,T20150014422,ABS to receive accident,Finished,10/07/2015 0:00,8:00:00,No,Collision with vehicle,Friday,REAR END(VEHICLES IN SAME LANE),No,Dusk/Dawn,Yes,Not at intersection,Other injury accident,60 km/hr,No,3098,144.9628988,-37.71904514,Non-Intersection,MORELAND,METROPOLITAN NORTH WEST REGION,2496730.362,2420207.241,4,2,0,0,2,2,2,2,0,0,4,0,0,0,0,0,0,0,0,0,No,0,4,0,4,0,0,MELB_URBAN,MELB_URBAN,MORELAND
2373006.687,2431104.812,65856,T20150014430,ABS to receive accident,Finished,10/07/2015 0:00,8:15:00,No,Collision with a fixed object,Friday,OFF LEFT BEND INTO OBJECT/PARKED VEHICLE,No,Day,No,Not at intersection,Other injury accident,80 km/hr,Yes,357632,143.5614924,-37.61221702,Non-Intersection,PYRENEES,WESTERN REGION,2373006.687,2431104.812,1,1,0,0,1,0,0,1,0,0,1,0,0,0,0,0,0,0,0,1,No,0,1,0,1,0,0,RURAL_VICTORIA,RURAL_VICTORIA,PYRENEES
2483831.995,2417174.797,202,T20150014433,ABS to receive accident,Finished,10/07/2015 0:00,8:50:00,No,Struck Pedestrian,Friday,VEH STRIKES PED ON FOOTPATH/MEDIAN/TRAFFIC ISLAND.,No,Dusk/Dawn,Yes,T intersection,Serious injury accident,60 km/hr,No,29815,144.8166293,-37.74629869,Intersection,BRIMBANK,METROPOLITAN NORTH WEST REGION,2483831.995,2417174.797,2,1,0,1,0,1,2,0,0,0,1,1,0,0,0,0,0,1,0,0,No,0,1,0,1,0,0,MELB_URBAN,MELB_URBAN,BRIMBANK
2497400.884,2411501.602,286,T20150014431,ABS to receive accident,Finished,10/07/2015 0:00,9:25:00,No,Struck Pedestrian,Friday,FAR SIDE. PED HIT BY VEHICLE FROM THE LEFT,No,Day,Yes,Cross intersection,Other injury accident,60 km/hr,No,36370,144.9704677,-37.79744065,Intersection,MELBOURNE,METROPOLITAN NORTH WEST REGION,2497400.884,2411501.602,2,1,0,0,1,1,1,1,0,0,1,1,0,0,0,0,0,0,0,0,No,0,1,0,1,0,0,MELB_URBAN,MELB_URBAN,MELBOURNE
2432629.221,2524753.061,285,T20150014426,ABS to receive accident,Finished,10/07/2015 0:00,10:00:00,No,Struck Pedestrian,Friday,PED PLAYING/LYING/WORKING/STANDING ON CARRIAGEWAY.,No,Day,Yes,Not at intersection,Serious injury accident,50 km/hr,No,291763,144.2452378,-36.77451872,Non-Intersection,BENDIGO,NORTHERN REGION,2432629.221,2524753.061,2,1,0,1,0,1,2,0,0,0,1,1,0,0,0,0,0,0,1,0,No,0,1,0,1,0,0,LARGE_PROVINCIAL_CITIES,LARGE_PROVINCIAL_CITIES,BENDIGO
2520474.51,2397382.734,229,T20150014451,ABS to receive accident,Finished,10/07/2015 0:00,10:20:00,No,Collision with vehicle,Friday,HEAD ON (NOT OVERTAKING),No,Day,Yes,T intersection,Serious injury accident,50 km/hr,No,293372,145.2328755,-37.9244685,Intersection,KNOX,METROPOLITAN SOUTH EAST REGION,2520474.51,2397382.734,3,1,0,1,0,2,2,1,0,1,1,0,0,1,0,0,0,0,0,0,No,0,2,0,1,1,0,MELB_URBAN,MELB_URBAN,KNOX
2470339.819,2509453.544,432,T20150014450,Non ABS accident,Finished,10/07/2015 0:00,10:30:00,No,No collision and no object struck,Friday,OTHER ACCIDENTS ON CURVE NOT INCLUDED IN DCAs 180-184,No,Day,No,Private property,Other injury accident,Camping grounds or off road,No,291746,144.6671055,-36.91433493,Off Road,BENDIGO,NORTHERN REGION,2470339.819,2509453.544,1,1,0,0,1,0,1,0,0,0,0,0,0,1,0,0,0,0,0,0,No,0,1,0,0,1,0,RURAL_VICTORIA,RURAL_VICTORIA,BENDIGO
2501385.907,2391766.904,65863,T20150014532,ABS to receive accident,Finished,10/07/2015 0:00,10:55:00,No,Collision with vehicle,Friday,REAR END(VEHICLES IN SAME LANE),No,Day,Yes,Not at intersection,Other injury accident,60 km/hr,No,291485,145.0158069,-37.97528143,Non-Intersection,BAYSIDE,METROPOLITAN SOUTH EAST REGION,2501385.907,2391766.904,2,1,0,0,1,1,1,1,0,0,2,0,0,0,0,0,0,0,0,0,No,0,2,0,2,0,0,MELB_URBAN,MELB_URBAN,BAYSIDE
2494037.678,2409050.582,430,T20150014432,ABS to receive accident,Finished,10/07/2015 0:00,11:10:00,No,Collision with vehicle,Friday,REAR END(VEHICLES IN SAME LANE),No,Day,Yes,Not at intersection,Serious injury accident,80 km/hr,No,357455,144.9322828,-37.81954972,Non-Intersection,MELBOURNE,METROPOLITAN NORTH WEST REGION,2494037.678,2409050.582,2,1,0,1,0,1,1,1,0,0,2,0,0,0,0,0,0,0,0,1,No,0,2,0,2,0,0,MELB_URBAN,MELB_URBAN,MELBOURNE
2499816.406,2405398.579,325,T20150014446,ABS to receive accident,Finished,10/07/2015 0:00,11:35:00,No,Collision with vehicle,Friday,RIGHT NEAR (INTERSECTIONS ONLY),No,Day,Yes,T intersection,Serious injury accident,60 km/hr,No,35415,144.9978993,-37.85247811,Intersection,STONNINGTON,METROPOLITAN SOUTH EAST REGION,2499816.406,2405398.579,2,1,0,1,0,1,2,0,0,0,1,0,0,1,0,0,0,0,0,0,No,1,2,0,1,1,0,MELB_URBAN,MELB_URBAN,STONNINGTON
2493546.187,2423857.401,230,T20150014453,ABS to receive accident,Finished,10/07/2015 0:00,11:47:00,No,Collision with vehicle,Friday,CROSS TRAFFIC(INTERSECTIONS ONLY),No,Day,Yes,Cross intersection,Other injury accident,60 km/hr,No,44550,144.9269221,-37.6861064,Intersection,HUME,METROPOLITAN NORTH WEST REGION,2493546.187,2423857.401,2,2,0,0,2,0,0,2,0,0,2,0,0,0,0,0,0,0,0,1,No,0,2,0,2,0,0,MELB_URBAN,MELB_URBAN,HUME
2489705.844,2412500.328,273,T20150014440,ABS to receive accident,Finished,10/07/2015 0:00,12:00:00,No,Collision with vehicle,Friday,REAR END(VEHICLES IN SAME LANE),No,Day,No,Not at intersection,Other injury accident,60 km/hr,No,291477,144.8831339,-37.78842855,Non-Intersection,MARIBYRNONG,METROPOLITAN NORTH WEST REGION,2489705.844,2412500.328,3,2,0,0,2,1,2,1,0,1,2,0,0,0,0,0,0,0,0,1,No,0,2,0,2,0,0,MELB_URBAN,MELB_URBAN,MARIBYRNONG
2530384.004,2421813.139,263,T20150014502,ABS to receive accident,Finished,10/07/2015 0:00,12:12:00,No,Collision with vehicle,Friday,REAR END(VEHICLES IN SAME LANE),No,Day,Yes,Not at intersection,Other injury accident,80 km/hr,No,291553,145.3445503,-37.70407187,Non-Intersection,YARRA RANGES,METROPOLITAN SOUTH EAST REGION,2530384.004,2421813.139,3,1,0,0,1,2,2,1,0,0,2,1,0,0,0,0,0,0,0,0,No,0,2,0,2,0,0,RURAL_VICTORIA,RURAL_VICTORIA,YARRA RANGES
2507091.978,2401542.575,203,T20150014436,Non ABS accident,Finished,10/07/2015 0:00,12:12:00,No,Struck Pedestrian,Friday,ANY MANOEUVRE INVOLVING PED NOT INCLUDED IN DCAs 100-108.,No,Day,Yes,Private property,Other injury accident,Camping grounds or off road,No,291524,145.0813405,-37.88778864,Off Road,STONNINGTON,METROPOLITAN SOUTH EAST REGION,2507091.978,2401542.575,2,1,0,0,1,1,1,1,0,0,1,1,0,0,0,0,0,1,1,0,No,0,1,0,1,0,0,MELB_URBAN,MELB_URBAN,STONNINGTON
2506215.519,2392657.54,431,T20150014439,ABS to receive accident,Finished,10/07/2015 0:00,12:40:00,No,Collision with vehicle,Friday,RIGHT NEAR (INTERSECTIONS ONLY),No,Day,Yes,T intersection,Other injury accident,60 km/hr,No,42784,145.0707445,-37.96722799,Intersection,KINGSTON,METROPOLITAN SOUTH EAST REGION,2506215.519,2392657.54,3,1,0,0,1,2,2,1,0,1,2,0,0,0,0,0,0,0,1,0,No,0,2,0,2,0,0,MELB_URBAN,MELB_URBAN,KINGSTON
2489660.601,2490640.832,315,T20150014454,ABS to receive accident,Finished,10/07/2015 0:00,12:40:00,No,Vehicle overturned (no collision),Friday,OFF CARRIAGEWAY TO RIGHT,No,Day,Yes,Not at intersection,Serious injury accident,100 km/hr,Yes,291609,144.8835557,-37.08425644,Non-Intersection,MITCHELL,NORTHERN REGION,2489660.601,2490640.832,1,1,0,1,0,0,0,1,0,0,1,0,0,0,0,0,0,0,0,0,No,0,1,0,1,0,0,RURAL_VICTORIA,RURAL_VICTORIA,MITCHELL
2494400.567,2426736.248,354,T20150014443,ABS to receive accident,Finished,10/07/2015 0:00,12:40:00,No,Collision with vehicle,Friday,REAR END(VEHICLES IN SAME LANE),No,Day,Yes,Not at intersection,Serious injury accident,50 km/hr,No,291736,144.9365467,-37.66019352,Non-Intersection,HUME,METROPOLITAN NORTH WEST REGION,2494400.567,2426736.248,4,2,0,1,1,2,1,3,0,2,2,0,0,0,0,0,0,0,0,0,No,0,4,0,4,0,0,MELB_URBAN,MELB_URBAN,HUME
2492164.646,2410451.966,353,T20150014442,ABS to receive accident,Finished,10/07/2015 0:00,12:45:00,No,Collision with vehicle,Friday,U TURN,No,Day,Yes,Multiple intersection,Serious injury accident,70 km/hr,No,292665,144.9107823,-37.80685353,Non-Intersection,MELBOURNE,METROPOLITAN NORTH WEST REGION,2492164.646,2410451.966,4,3,0,1,2,1,2,2,0,2,2,0,0,0,0,0,0,0,0,0,No,0,2,1,1,0,0,MELB_URBAN,MELB_URBAN,MELBOURNE
2493368.46,2414784.73,355,T20150014444,ABS to receive accident,Finished,10/07/2015 0:00,13:00:00,No,Collision with vehicle,Friday,RIGHT THROUGH,No,Day,No,Not at intersection,Other injury accident,60 km/hr,No,292666,144.9246846,-37.7678793,Non-Intersection,MOONEE VALLEY,METROPOLITAN NORTH WEST REGION,2493368.46,2414784.73,4,2,0,0,2,2,2,2,0,2,2,0,0,0,0,0,0,0,0,0,No,0,2,0,2,0,0,MELB_URBAN,MELB_URBAN,MOONEE VALLEY
2500561.431,2404194.503,261,T20150014445,ABS to receive accident,Finished,10/07/2015 0:00,13:15:00,No,Collision with vehicle,Friday,RIGHT NEAR (INTERSECTIONS ONLY),No,Day,Yes,T intersection,Other injury accident,60 km/hr,No,46684,145.0063467,-37.86330296,Intersection,PORT PHILLIP,METROPOLITAN NORTH WEST REGION,2500561.431,2404194.503,2,1,0,0,1,1,1,1,0,0,2,0,0,0,0,0,0,0,1,0,No,1,2,0,2,0,0,MELB_URBAN,MELB_URBAN,PORT PHILLIP
2508038.876,2389105.357,492,T20150014789,ABS to receive accident,Finished,10/07/2015 0:00,13:25:00,No,Collision with vehicle,Friday,CROSS TRAFFIC(INTERSECTIONS ONLY),No,Day,No,Cross intersection,Other injury accident,60 km/hr,No,42840,145.0915245,-37.99923397,Intersection,KINGSTON,METROPOLITAN SOUTH EAST REGION,2508038.876,2389105.357,2,1,0,0,1,1,0,2,0,0,2,0,0,0,0,0,0,0,0,0,No,0,2,0,2,0,0,MELB_URBAN,MELB_URBAN,KINGSTON
2512786.446,2397253.137,411,T20150014790,ABS to receive accident,Finished,10/07/2015 0:00,14:33:00,No,Collision with vehicle,Friday,RIGHT NEAR (INTERSECTIONS ONLY),No,Day,Yes,T intersection,Other injury accident,80 km/hr,No,42474,145.1454284,-37.92578701,Intersection,MONASH,METROPOLITAN SOUTH EAST REGION,2512786.446,2397253.137,2,1,0,0,1,1,1,1,0,0,2,0,0,0,0,0,0,0,1,0,No,0,2,0,2,0,0,MELB_URBAN,MELB_URBAN,MONASH
2509276.367,2400040.742,231,T20150014471,ABS to receive accident,Finished,10/07/2015 0:00,14:50:00,No,Collision with vehicle,Friday,RIGHT FAR (INTERSECTIONS ONLY),No,Day,Yes,Multiple intersection,Serious injury accident,80 km/hr,No,41640,145.1054601,-37.9008196,Intersection,MONASH,METROPOLITAN SOUTH EAST REGION,2509276.367,2400040.742,6,3,0,1,2,3,4,2,0,4,2,0,0,0,0,0,0,0,0,0,No,0,2,0,2,0,0,MELB_URBAN,MELB_URBAN,MONASH
2436478.619,2524117.875,316,T20150014458,ABS to receive accident,Finished,10/07/2015 0:00,15:40:00,No,Collision with vehicle,Friday,REAR END(VEHICLES IN SAME LANE),No,Day,Yes,Y intersection,Other injury accident,50 km/hr,No,59828,144.2883012,-36.78050176,Intersection,BENDIGO,NORTHERN REGION,2436478.619,2524117.875,3,2,0,0,2,1,2,1,0,1,2,0,0,0,0,0,0,0,0,0,No,0,2,0,2,0,0,LARGE_PROVINCIAL_CITIES,LARGE_PROVINCIAL_CITIES,BENDIGO