X,Y,OBJECTID,ACCIDENT_NO,ABS_CODE,ACCIDENT_STATUS,ACCIDENT_DATE,ACCIDENT_TIME,ALCOHOLTIME,ACCIDENT_TYPE,DAY_OF_WEEK,DCA_CODE,HIT_RUN_FLAG,LIGHT_CONDITION,POLICE_ATTEND,ROAD_GEOMETRY,SEVERITY,SPEED_ZONE,RUN_OFFROAD,NODE_ID,LONGITUDE,LATITUDE,NODE_TYPE,LGA_NAME,REGION_NAME,VICGRID_X,VICGRID_Y,TOTAL_PERSONS,INJ_OR_FATAL,FATALITY,SERIOUSINJURY,OTHERINJURY,NONINJURED,MALES,FEMALES,BICYCLIST,PASSENGER,DRIVER,PEDESTRIAN,PILLION,MOTORIST,UNKNOWN,PED_CYCLIST_5_12,PED_CYCLIST_13_18,OLD_PEDESTRIAN,OLD_DRIVER,YOUNG_DRIVER,ALCOHOL_RELATED,UNLICENCSED,NO_OF_VEHICLES,HEAVYVEHICLE,PASSENGERVEHICLE,MOTORCYCLE,PUBLICVEHICLE,DEG_URBAN_NAME,DEG_URBAN_ALL,LGA_NAME_ALL
2648420.57,2568546.579,356,T20150014531,ABS to receive accident,Finished,11/07/2015 0:00,17:05:00,Yes,No collision and no object struck,Saturday,OFF CARRIAGEWAY TO RIGHT,No,Dark No street lights,Yes,Not at intersection,Other injury accident,100 km/hr,Yes,293441,146.6541247,-36.37058816,Non-Intersection,INDIGO,NORTH EASTERN REGION,2648420.57,2568546.579,2,1,0,0,1,1,1,1,0,1,1,0,0,0,0,0,0,0,0,0,No,0,1,0,1,0,0,RURAL_VICTORIA,RURAL_VICTORIA,INDIGO
2508619.759,2394780.42,448,T20150014712,ABS to receive accident,Finished,11/07/2015 0:00,17:10:00,Yes,Collision with vehicle,Saturday,HEAD ON (NOT OVERTAKING),No,Dark No street lights,No,Not at intersection,Other injury accident,70 km/hr,No,296834,145.0980633,-37.94809658,Non-Intersection,KINGSTON,METROPOLITAN SOUTH EAST REGION,2508619.759,2394780.42,2,1,0,0,1,1,2,0,0,0,2,0,0,0,0,0,0,0,0,0,No,0,2,0,2,0,0,MELB_URBAN,MELB_URBAN,KINGSTON
2530191.144,2365923.314,266,T20150014528,ABS to receive accident,Finished,11/07/2015 0:00,17:35:00,Yes,Collision with vehicle,Saturday,HEAD ON (NOT OVERTAKING),No,Dark No street lights,Yes,Not at intersection,Serious injury accident,100 km/hr,No,292096,145.3446838,-38.20762307,Non-Intersection,CASEY,METROPOLITAN SOUTH EAST REGION,2530191.144,2365923.314,4,1,0,1,0,3,2,2,0,2,2,0,0,0,0,0,0,0,0,0,No,0,2,0,2,0,0,RURAL_VICTORIA,RURAL_VICTORIA,CASEY
2490377.305,2412922.324,484,T20150014572,ABS to receive accident,Finished,11/07/2015 0:00,18:00:00,Yes,Collision with vehicle,Saturday,RIGHT THROUGH,No,Dark Street lights on,Yes,Cross intersection,Serious injury accident,60 km/hr,No,45236,144.8907728,-37.78463791,Intersection,MARIBYRNONG,METROPOLITAN NORTH WEST REGION,2490377.305,2412922.324,2,1,0,1,0,1,2,0,0,0,2,0,0,0,0,0,0,0,0,0,No,0,2,0,2,0,0,MELB_URBAN,MELB_URBAN,MARIBYRNONG
2519539.885,2393730.043,640,T20150014828,ABS to receive accident,Finished,11/07/2015 0:00,18:25:00,Yes,Collision with vehicle,Saturday,ACCIDENT OR BROKEN DOWN,No,Dark No street lights,Yes,Not at intersection,Serious injury accident,100 km/hr,No,291766,145.2223487,-37.95739096,Non-Intersection,DANDENONG,METROPOLITAN SOUTH EAST REGION,2519539.885,2393730.043,2,1,0,1,0,1,2,0,0,1,1,0,0,0,0,0,0,0,0,1,No,0,2,0,2,0,0,MELB_URBAN,MELB_URBAN,DANDENONG
2494100.311,2409261.423,13001,T20160009386,ABS to receive accident,Finished,11/07/2015 0:00,18:30:00,Yes,Collision with vehicle,Saturday,REAR END(VEHICLES IN SAME LANE),No,Dusk/Dawn,Yes,Not at intersection,Serious injury accident,Not known,No,304380,144.9327105,-37.81847715,Non-Intersection,MELBOURNE,METROPOLITAN NORTH WEST REGION,2494100.311,2409261.423,5,2,0,1,1,3,3,1,0,1,3,0,0,0,1,0,0,0,0,0,No,0,4,0,3,0,0,MELB_URBAN,MELB_URBAN,MELBOURNE
2507357.216,2398151.317,362,T20150014681,ABS to receive accident,Finished,11/07/2015 0:00,18:45:00,Yes,Collision with vehicle,Saturday,REAR END(VEHICLES IN SAME LANE),Yes,Dark Street lights on,No,Not at intersection,Serious injury accident,60 km/hr,No,291692,145.0836408,-37.91773912,Non-Intersection,MONASH,METROPOLITAN SOUTH EAST REGION,2507357.216,2398151.317,3,1,0,1,0,2,0,2,0,0,3,0,0,0,0,0,0,0,0,1,No,0,3,0,3,0,0,MELB_URBAN,MELB_URBAN,"GLEN EIRA,MONASH"
2514723.8,2396283.333,333,T20150014595,ABS to receive accident,Finished,11/07/2015 0:00,19:45:00,Yes,Struck Pedestrian,Saturday,FAR SIDE. PED HIT BY VEHICLE FROM THE LEFT,Yes,Dark Street lights on,No,Not at intersection,Other injury accident,60 km/hr,No,293244,145.1674864,-37.93451315,Non-Intersection,MONASH,METROPOLITAN SOUTH EAST REGION,2514723.8,2396283.333,2,1,0,0,1,1,0,1,0,0,0,1,0,0,1,0,1,0,0,0,No,0,1,0,0,0,0,MELB_URBAN,MELB_URBAN,"DANDENONG,MONASH"
2232974.151,2529269.447,276,T20150014547,ABS to receive accident,Finished,11/07/2015 0:00,21:00:00,Yes,Collision with a fixed object,Saturday,LEFT OFF CARRIAGEWAY INTO OBJECT/PARKED VEHICLE,No,Dark No street lights,Yes,Not at intersection,Fatal accident,100 km/hr,Yes,291496,142.0109668,-36.69842756,Non-Intersection,HORSHAM,WESTERN REGION,2232974.151,2529269.447,1,1,1,0,0,0,1,0,0,0,1,0,0,0,0,0,0,0,0,0,No,0,1,0,1,0,0,RURAL_VICTORIA,RURAL_VICTORIA,HORSHAM
2496914.921,2409327.249,395,T20150014543,ABS to receive accident,Finished,11/07/2015 0:00,21:30:00,Yes,Struck Pedestrian,Saturday,PED WALKING WITH TRAFFIC,Yes,Dark Street lights on,Yes,Not at intersection,Other injury accident,40 km/hr,No,291776,144.9649807,-37.81710481,Non-Intersection,MELBOURNE,METROPOLITAN NORTH WEST REGION,2496914.921,2409327.249,2,1,0,0,1,1,1,0,0,0,0,1,0,0,1,0,0,0,0,0,No,0,1,0,0,0,0,MELBOURNE_CBD,MELBOURNE_CBD,MELBOURNE
2435896.742,2526370.616,1404,T20150017089,ABS to receive accident,Finished,11/07/2015 0:00,21:30:00,Yes,No collision and no object struck,Saturday,OUT OF CONTROL ON CARRIAGEWAY (ON STRAIGHT),No,Dark Street lights unknown,No,Multiple intersection,Other injury accident,50 km/hr,No,44642,144.2819722,-36.76017132,Intersection,BENDIGO,NORTHERN REGION,2435896.742,2526370.616,1,1,0,0,1,0,1,0,0,0,0,0,0,1,0,0,0,0,0,0,No,0,1,0,0,1,0,LARGE_PROVINCIAL_CITIES,LARGE_PROVINCIAL_CITIES,BENDIGO
2353672.566,2417030.731,481,T20150014546,ABS to receive accident,Finished,11/07/2015 0:00,22:00:00,Yes,Vehicle overturned (no collision),Saturday,OTHER ACCIDENTS NOT CLASSIFIABLE ELSEWHERE,No,Dark No street lights,Yes,Not at intersection,Other injury accident,100 km/hr,No,357460,143.3397936,-37.73617464,Non-Intersection,CORANGAMITE,SOUTH WESTERN REGION,2353672.566,2417030.731,1,1,0,0,1,0,1,0,0,0,1,0,0,0,0,0,0,0,0,0,No,0,1,0,1,0,0,RURAL_VICTORIA,RURAL_VICTORIA,CORANGAMITE
2604037.567,2576331.104,309,T20150014541,ABS to receive accident,Finished,11/07/2015 0:00,22:10:00,Yes,Collision with a fixed object,Saturday,OFF RIGHT BEND INTO OBJECT/PARKED VEHICLE,No,Dark No street lights,Yes,Not at intersection,Serious injury accident,100 km/hr,Yes,292709,146.1584428,-36.3062912,Non-Intersection,BENALLA,NORTH EASTERN REGION,2604037.567,2576331.104,1,1,0,1,0,0,1,0,0,0,1,0,0,0,0,0,0,0,0,1,No,0,1,0,1,0,0,RURAL_VICTORIA,RURAL_VICTORIA,BENALLA
2461784.498,2423102.547,358,T20150014562,ABS to receive accident,Finished,11/07/2015 0:00,22:30:00,Yes,Collision with vehicle,Saturday,VEHICLE OFF FOOTPATH STRIKES VEH ON CARRIAGEWAY,No,Dark No street lights,Yes,Multiple intersection,Serious injury accident,60 km/hr,No,61818,144.5666722,-37.69212142,Intersection,MELTON,METROPOLITAN NORTH WEST REGION,2461784.498,2423102.547,3,1,0,1,0,2,2,1,1,1,1,0,0,0,0,0,1,0,0,0,No,0,2,0,1,0,0,SMALL_CITIES,SMALL_CITIES,MELTON
2503922.278,2363555.886,357,T20150014555,ABS to receive accident,Finished,11/07/2015 0:00,23:13:00,Yes,Collision with vehicle,Saturday,RIGHT THROUGH,No,Dark Street lights on,Yes,Cross intersection,Other injury accident,60 km/hr,No,291782,145.044803,-38.22941507,Intersection,MORNINGTON PENINSULA,METROPOLITAN SOUTH EAST REGION,2503922.278,2363555.886,3,1,0,0,1,2,2,1,0,1,2,0,0,0,0,0,0,0,0,1,No,0,2,0,2,0,0,MELB_URBAN,MELB_URBAN,MORNINGTON PENINSULA
2368161.988,2683444.793,277,T20150014553,ABS to receive accident,Finished,12/07/2015 0:00,2:59:00,Yes,Struck Pedestrian,Sunday,FAR SIDE. PED HIT BY VEHICLE FROM THE LEFT,Not known,Dark No street lights,Yes,Not at intersection,Other injury accident,30km/hr,No,292817,143.5501506,-35.3377187,Non-Intersection,SWAN HILL,NORTHERN REGION,2368161.988,2683444.793,2,1,0,0,1,1,1,1,0,0,1,1,0,0,0,0,0,0,0,0,No,0,1,0,1,0,0,TOWNS,TOWNS,SWAN HILL
2501451.258,2426066.203,674,T20150015332,ABS to receive accident,Finished,12/07/2015 0:00,5:15:00,Yes,Collision with vehicle,Sunday,RIGHT FAR (INTERSECTIONS ONLY),No,Dusk/Dawn,No,T intersection,Other injury accident,50 km/hr,No,392,145.0164678,-37.66625842,Intersection,WHITTLESEA,METROPOLITAN NORTH WEST REGION,2501451.258,2426066.203,2,1,0,0,1,1,2,0,0,0,2,0,0,0,0,0,0,0,0,0,No,0,2,0,2,0,0,MELB_URBAN,MELB_URBAN,WHITTLESEA
2476663.412,2468305.199,65883,T20150014908,ABS to receive accident,Finished,12/07/2015 0:00,8:30:00,Yes,Collision with vehicle,Sunday,RIGHT THROUGH,No,Dusk/Dawn,Yes,Cross intersection,Serious injury accident,70 km/hr,No,291913,144.7367668,-37.28533799,Intersection,MACEDON RANGES,NORTHERN REGION,2476663.412,2468305.199,3,3,0,1,2,0,2,1,0,1,2,0,0,0,0,0,0,0,0,0,No,0,2,0,2,0,0,TOWNS,"RURAL_VICTORIA,TOWNS",MACEDON RANGES
2489174.886,2422745.436,398,T20150014569,ABS to receive accident,Finished,12/07/2015 0:00,9:18:00,Yes,Collision with vehicle,Sunday,RIGHT THROUGH,No,Day,Yes,T intersection,Serious injury accident,60 km/hr,No,44756,144.8772479,-37.69611192,Intersection,HUME,METROPOLITAN NORTH WEST REGION,2489174.886,2422745.436,3,2,0,1,1,1,0,3,0,1,2,0,0,0,0,0,0,0,0,1,No,0,2,0,2,0,0,MELB_URBAN,MELB_URBAN,HUME
2429651.702,2434254.343,848,T20150015948,ABS to receive accident,Finished,12/07/2015 0:00,9:45:00,Yes,Collision with vehicle,Sunday,REAR END(VEHICLES IN SAME LANE),No,Day,No,Not at intersection,Other injury accident,50 km/hr,No,292318,144.2033984,-37.58982424,Non-Intersection,MOORABOOL,WESTERN REGION,2429651.702,2434254.343,2,1,0,0,1,1,1,1,0,0,2,0,0,0,0,0,0,0,0,0,No,0,2,0,2,0,0,RURAL_VICTORIA,RURAL_VICTORIA,MOORABOOL
2399890.385,2439448.824,344,T20150014577,ABS to receive accident,Finished,12/07/2015 0:00,10:00:00,Yes,Collision with vehicle,Sunday,CROSS TRAFFIC(INTERSECTIONS ONLY),No,Day,No,Cross intersection,Other injury accident,50 km/hr,No,52771,143.8670919,-37.54030648,Intersection,BALLARAT,WESTERN REGION,2399890.385,2439448.824,2,1,0,0,1,1,2,0,0,0,2,0,0,0,0,0,0,0,0,0,No,0,2,0,2,0,0,LARGE_PROVINCIAL_CITIES,LARGE_PROVINCIAL_CITIES,BALLARAT
2517219.793,2380981.824,361,T20150014586,ABS to receive accident,Finished,12/07/2015 0:00,10:35:00,No,Collision with a fixed object,Sunday,OFF LEFT BEND INTO OBJECT/PARKED VEHICLE,No,Day,Yes,Not at intersection,Serious injury accident,80 km/hr,Yes,291504,145.196271,-38.07217309,Non-Intersection,DANDENONG,METROPOLITAN SOUTH EAST REGION,2517219.793,2380981.824,1,1,0,1,0,0,1,0,0,0,1,0,0,0,0,0,0,0,0,1,No,0,1,0,1,0,0,MELB_URBAN,MELB_URBAN,"DANDENONG,FRANKSTON"
2645475.812,2576518.766,65873,T20150014764,ABS to receive accident,Finished,12/07/2015 0:00,10:55:00,No,collision with some other object,Sunday,STRUCK OBJECT ON CARRIAGEWAY,No,Day,No,Not at intersection,Other injury accident,Not known,No,291699,146.6197981,-36.29922148,Non-Intersection,INDIGO,NORTH EASTERN REGION,2645475.812,2576518.766,1,1,0,0,1,0,1,0,0,0,0,0,0,1,0,0,0,0,0,0,No,0,1,0,0,1,0,RURAL_VICTORIA,RURAL_VICTORIA,INDIGO
2541827.642,2395521.041,485,T20150014579,ABS to receive accident,Finished,12/07/2015 0:00,11:20:00,No,Collision with vehicle,Sunday,RIGHT NEAR (INTERSECTIONS ONLY),No,Day,Yes,T intersection,Serious injury accident,60 km/hr,No,292246,145.4758258,-37.9405211,Intersection,CARDINIA,METROPOLITAN SOUTH EAST REGION,2541827.642,2395521.041,2,1,0,1,0,1,1,1,0,0,2,0,0,0,0,0,0,0,0,0,No,0,2,0,2,0,0,MELB_URBAN,MELB_URBAN,CARDINIA
2583566.922,2370670.23,310,T20150014571,ABS to receive accident,Finished,12/07/2015 0:00,11:22:00,No,Collision with vehicle,Sunday,RIGHT REAR.,No,Day,Yes,T intersection,Other injury accident,60 km/hr,No,291510,145.9535078,-38.161574,Intersection,BAW BAW,EASTERN REGION,2583566.922,2370670.23,4,2,0,0,2,2,0,4,0,2,2,0,0,0,0,0,0,0,0,0,No,0,2,0,2,0,0,SMALL_CITIES,SMALL_CITIES,BAW BAW
2512841.036,2390963.493,377,T20150014581,ABS to receive accident,Finished,12/07/2015 0:00,11:45:00,No,Collision with vehicle,Sunday,REAR END(VEHICLES IN SAME LANE),No,Day,Yes,T intersection,Other injury accident,80 km/hr,No,53464,145.1460295,-37.98235615,Intersection,DANDENONG,METROPOLITAN SOUTH EAST REGION,2512841.036,2390963.493,5,2,0,0,2,3,4,1,0,3,2,0,0,0,0,0,0,0,0,1,No,0,2,0,2,0,0,MELB_URBAN,MELB_URBAN,DANDENONG
2387477.515,2316654.202,486,T20150014592,ABS to receive accident,Finished,12/07/2015 0:00,12:45:00,No,Collision with a fixed object,Sunday,OFF LEFT BEND INTO OBJECT/PARKED VEHICLE,No,Day,Yes,Not at intersection,Other injury accident,80 km/hr,Yes,291547,143.7078725,-38.64498244,Non-Intersection,COLAC OTWAY,SOUTH WESTERN REGION,2387477.515,2316654.202,1,1,0,0,1,0,0,1,0,0,1,0,0,0,0,0,0,0,0,1,No,0,1,0,1,0,0,RURAL_VICTORIA,RURAL_VICTORIA,COLAC OTWAY
2443360.253,2380460.613,359,T20150014578,ABS to receive accident,Finished,12/07/2015 0:00,13:00:00,No,Collision with vehicle,Sunday,RIGHT FAR (INTERSECTIONS ONLY),No,Day,No,T intersection,Other injury accident,50 km/hr,No,49670,144.3544791,-38.07542021,Intersection,GEELONG,SOUTH WESTERN REGION,2443360.253,2380460.613,3,1,0,0,1,2,2,1,1,1,1,0,0,0,0,0,0,0,1,0,No,0,2,0,1,0,0,LARGE_PROVINCIAL_CITIES,LARGE_PROVINCIAL_CITIES,GEELONG
2459016.461,2368584.696,378,T20150014591,ABS to receive accident,Finished,12/07/2015 0:00,13:55:00,No,Collision with a fixed object,Sunday,LEFT OFF CARRIAGEWAY INTO OBJECT/PARKED VEHICLE,No,Day,Yes,Not at intersection,Serious injury accident,100 km/hr,Yes,292123,144.5322359,-38.18327991,Non-Intersection,GEELONG,SOUTH WESTERN REGION,2459016.461,2368584.696,1,1,0,1,0,0,1,0,0,0,1,0,0,0,0,0,0,0,0,0,Yes,0,1,0,1,0,0,RURAL_VICTORIA,RURAL_VICTORIA,GEELONG
2240058.331,2412443.856,6970,T20150025504,ABS to receive accident,Finished,12/07/2015 0:00,16:00:00,Yes,Collision with a fixed object,Sunday,RIGHT OFF CARRIAGEWAY INTO OBJECT/PARKED VEHICLE,No,Day,No,Not at intersection,Serious injury accident,100 km/hr,Yes,357696,142.0496874,-37.75270169,Non-Intersection,SOUTHERN GRAMPIANS,SOUTH WESTERN REGION,2240058.331,2412443.856,1,1,0,1,0,0,0,1,0,0,1,0,0,0,0,0,0,0,1,0,No,1,1,0,1,0,0,RURAL_VICTORIA,RURAL_VICTORIA,SOUTHERN GRAMPIANS
2499566.027,2406846.006,944,T20150015775,ABS to receive accident,Finished,12/07/2015 0:00,16:05:00,Yes,Vehicle overturned (no collision),Sunday,OUT OF CONTROL ON CARRIAGEWAY (ON STRAIGHT),No,Dusk/Dawn,Yes,Not at intersection,Serious injury accident,40 km/hr,No,292312,144.995076,-37.83942181,Non-Intersection,STONNINGTON,METROPOLITAN SOUTH EAST REGION,2499566.027,2406846.006,1,1,0,1,0,0,0,1,0,0,0,0,0,1,0,0,0,0,0,0,No,0,1,0,0,1,0,MELB_URBAN,MELB_URBAN,STONNINGTON
2514490.055,2436589.873,65865,T20150014598,ABS to receive accident,Finished,12/07/2015 0:00,16:15:00,Yes,Collision with a fixed object,Sunday,LEFT OFF CARRIAGEWAY INTO OBJECT/PARKED VEHICLE,No,Dusk/Dawn,Yes,Not at intersection,Serious injury accident,100 km/hr,Yes,291727,145.1640327,-37.57123912,Non-Intersection,NILLUMBIK,METROPOLITAN NORTH WEST REGION,2514490.055,2436589.873,1,1,0,1,0,0,0,1,0,0,1,0,0,0,0,0,0,0,0,0,No,0,1,0,1,0,0,RURAL_VICTORIA,RURAL_VICTORIA,NILLUMBIK
2477447.312,2421122.264,401,T20150014636,ABS to receive accident,Finished,12/07/2015 0:00,16:49:00,Yes,Collision with a fixed object,Sunday,RIGHT OFF CARRIAGEWAY INTO OBJECT/PARKED VEHICLE,No,Dusk/Dawn,Yes,Cross intersection,Other injury accident,50 km/hr,Yes,262675,144.7441719,-37.71067256,Intersection,MELTON,METROPOLITAN NORTH WEST REGION,2477447.312,2421122.264,1,1,0,0,1,0,1,0,0,0,1,0,0,0,0,0,0,0,0,0,No,0,1,0,1,0,0,MELB_URBAN,MELB_URBAN,MELTON
2482368.812,2417393.269,524,T20150014596,ABS to receive accident,Finished,12/07/2015 0:00,17:00:00,Yes,Struck Pedestrian,Sunday,PED NEAR SIDE. PED HIT BY VEHICLE FROM THE RIGHT.,Yes,Dark Street lights on,Yes,Cross intersection,Serious injury accident,40 km/hr,No,44939,144.800032,-37.74430537,Intersection,BRIMBANK,METROPOLITAN NORTH WEST REGION,2482368.812,2417393.269,2,1,0,1,0,1,1,0,0,0,0,1,0,0,1,0,0,0,0,0,No,0,1,0,0,0,0,MELB_URBAN,MELB_URBAN,BRIMBANK
2550456.655,2322197.11,65864,T20150014594,ABS to receive accident,Finished,12/07/2015 0:00,17:15:00,No,Collision with vehicle,Sunday,LEFT NEAR (INTERSECTIONS ONLY),No,Dark Street lights on,Yes,T intersection,Other injury accident,60 km/hr,No,291549,145.5790824,-38.60056987,Intersection,BASS COAST,EASTERN REGION,2550456.655,2322197.11,4,1,0,0,1,3,1,3,0,2,2,0,0,0,0,0,0,0,0,0,No,0,2,0,2,0,0,TOWNS,TOWNS,BASS COAST
2522758.893,2402939.654,332,T20150014593,ABS to receive accident,Finished,12/07/2015 0:00,17:20:00,Yes,Collision with vehicle,Sunday,REAR END(VEHICLES IN SAME LANE),No,Dark Street lights on,Yes,T intersection,Other injury accident,60 km/hr,No,41909,145.2586861,-37.87435801,Intersection,KNOX,METROPOLITAN SOUTH EAST REGION,2522758.893,2402939.654,2,1,0,0,1,1,0,2,0,0,2,0,0,0,0,0,0,0,0,2,No,0,2,0,2,0,0,MELB_URBAN,MELB_URBAN,KNOX
2503794.655,2407569.057,379,T20150014603,ABS to receive accident,Finished,12/07/2015 0:00,17:25:00,No,Collision with vehicle,Sunday,REAR END(VEHICLES IN SAME LANE),No,Dark Street lights on,Yes,Not at intersection,Serious injury accident,60 km/hr,No,357456,145.0430828,-37.83290614,Non-Intersection,BOROONDARA,METROPOLITAN SOUTH EAST REGION,2503794.655,2407569.057,4,1,0,1,0,3,3,1,0,1,3,0,0,0,0,0,0,0,0,1,No,1,3,0,3,0,0,MELB_URBAN,MELB_URBAN,BOROONDARA
2494906.108,2412396.974,1343,T20150016642,ABS to receive accident,Finished,12/07/2015 0:00,17:50:00,No,Collision with vehicle,Sunday,REAR END(VEHICLES IN SAME LANE),Yes,Dusk/Dawn,Yes,Cross intersection,Other injury accident,60 km/hr,No,29372,144.9421003,-37.78931753,Intersection,MELBOURNE,METROPOLITAN NORTH WEST REGION,2494906.108,2412396.974,2,1,0,0,1,1,1,0,0,0,1,0,0,0,1,0,0,0,0,0,No,0,2,0,1,0,0,MELB_URBAN,MELB_URBAN,MELBOURNE
2485358.287,2412669.835,278,T20150014599,ABS to receive accident,Finished,12/07/2015 0:00,18:00:00,Yes,Collision with vehicle,Sunday,REAR END(VEHICLES IN SAME LANE),No,Dark Street lights unknown,No,T intersection,Other injury accident,50 km/hr,No,38545,144.8336648,-37.78681407,Intersection,BRIMBANK,METROPOLITAN NORTH WEST REGION,2485358.287,2412669.835,2,1,0,0,1,1,1,1,0,0,2,0,0,0,0,0,0,0,0,0,No,0,2,0,2,0,0,MELB_URBAN,MELB_URBAN,BRIMBANK
2489741.222,2423155.648,1237,T20150016703,ABS to receive accident,Finished,12/07/2015 0:00,18:10:00,Yes,Collision with vehicle,Sunday,REAR END(VEHICLES IN SAME LANE),No,Unk.,No,Not at intersection,Serious injury accident,Not known,No,293393,144.8837527,-37.69241501,Non-Intersection,HUME,METROPOLITAN NORTH WEST REGION,2489741.222,2423155.648,2,1,0,1,0,1,1,1,0,0,2,0,0,0,0,0,0,0,0,0,No,0,2,0,2,0,0,MELB_URBAN,MELB_URBAN,HUME
2504737.633,2391812.161,422,T20150014676,ABS to receive accident,Finished,12/07/2015 0:00,18:13:00,No,Collision with vehicle,Sunday,VEHICLE COLLIDES WITH VEHICLE PARKED ON LEFT OF ROAD,No,Dark Street lights on,Yes,Not at intersection,Serious injury accident,60 km/hr,No,357633,145.0539862,-37.97487913,Non-Intersection,KINGSTON,METROPOLITAN SOUTH EAST REGION,2504737.633,2391812.161,1,1,0,1,0,0,0,1,0,0,1,0,0,0,0,0,0,0,0,0,No,0,2,0,2,0,0,MELB_URBAN,MELB_URBAN,"BAYSIDE,KINGSTON"
2486683.112,2408507.968,418,T20150014606,ABS to receive accident,Finished,12/07/2015 0:00,20:18:00,Yes,Collision with vehicle,Sunday,CROSS TRAFFIC(INTERSECTIONS ONLY),No,Dark Street lights on,Yes,Multiple intersection,Other injury accident,60 km/hr,No,10805,144.8487164,-37.82435538,Intersection,HOBSONS BAY,METROPOLITAN NORTH WEST REGION,2486683.112,2408507.968,2,1,0,0,1,1,1,1,0,0,2,0,0,0,0,0,0,0,0,1,No,0,2,0,2,0,0,MELB_URBAN,MELB_URBAN,HOBSONS BAY
2520015.82,2388350.466,682,T20150015015,ABS to receive accident,Finished,12/07/2015 0:00,22:30:00,Yes,Collision with vehicle,Sunday,RIGHT THROUGH,No,Dark Street lights on,Yes,T intersection,Other injury accident,80 km/hr,No,282954,145.2279043,-38.00585397,Intersection,DANDENONG,METROPOLITAN SOUTH EAST REGION,2520015.82,2388350.466,2,1,0,0,1,1,2,0,0,0,2,0,0,0,0,0,0,0,0,0,No,0,2,0,2,0,0,MELB_URBAN,MELB_URBAN,DANDENONG
2522321.022,2392466.301,6189,T20150024210,ABS to receive accident,Finished,12/07/2015 0:00,23:30:00,No,Collision with a fixed object,Sunday,OFF LEFT BEND INTO OBJECT/PARKED VEHICLE,No,Dark Street lights unknown,No,T intersection,Other injury accident,50 km/hr,Yes,298353,145.2537151,-37.9716579,Intersection,CASEY,METROPOLITAN SOUTH EAST REGION,2522321.022,2392466.301,1,1,0,0,1,0,1,0,0,0,1,0,0,0,0,0,0,0,0,1,No,0,1,0,1,0,0,MELB_URBAN,MELB_URBAN,CASEY
2503708.465,2405314.428,346,T20150014625,ABS to receive accident,Finished,13/07/2015 0:00,6:30:00,No,Struck Pedestrian,Monday,FAR SIDE. PED HIT BY VEHICLE FROM THE LEFT,No,Dusk/Dawn,No,Cross intersection,Other injury accident,60 km/hr,No,40374,145.04214,-37.85322417,Intersection,STONNINGTON,METROPOLITAN SOUTH EAST REGION,2503708.465,2405314.428,2,1,0,0,1,1,2,0,0,0,1,1,0,0,0,0,0,0,0,0,No,0,1,0,1,0,0,MELB_URBAN,MELB_URBAN,STONNINGTON
2501007.072,2422895.783,525,T20150014619,ABS to receive accident,Finished,13/07/2015 0:00,8:00:00,Yes,Collision with vehicle,Monday,REAR END(VEHICLES IN SAME LANE),No,Dusk/Dawn,No,Cross intersection,Other injury accident,60 km/hr,No,29457,145.0114182,-37.69493399,Intersection,WHITTLESEA,METROPOLITAN NORTH WEST REGION,2501007.072,2422895.783,2,1,0,0,1,1,0,2,0,0,2,0,0,0,0,0,0,0,0,1,No,0,2,0,2,0,0,MELB_URBAN,MELB_URBAN,WHITTLESEA