X,Y,OBJECTID,ACCIDENT_NO,ABS_CODE,ACCIDENT_STATUS,ACCIDENT_DATE,ACCIDENT_TIME,ALCOHOLTIME,ACCIDENT_TYPE,DAY_OF_WEEK,DCA_CODE,HIT_RUN_FLAG,LIGHT_CONDITION,POLICE_ATTEND,ROAD_GEOMETRY,SEVERITY,SPEED_ZONE,RUN_OFFROAD,NODE_ID,LONGITUDE,LATITUDE,NODE_TYPE,LGA_NAME,REGION_NAME,VICGRID_X,VICGRID_Y,TOTAL_PERSONS,INJ_OR_FATAL,FATALITY,SERIOUSINJURY,OTHERINJURY,NONINJURED,MALES,FEMALES,BICYCLIST,PASSENGER,DRIVER,PEDESTRIAN,PILLION,MOTORIST,UNKNOWN,PED_CYCLIST_5_12,PED_CYCLIST_13_18,OLD_PEDESTRIAN,OLD_DRIVER,YOUNG_DRIVER,ALCOHOL_RELATED,UNLICENCSED,NO_OF_VEHICLES,HEAVYVEHICLE,PASSENGERVEHICLE,MOTORCYCLE,PUBLICVEHICLE,DEG_URBAN_NAME,DEG_URBAN_ALL,LGA_NAME_ALL
2496259.055,2411221.639,526,T20150014621,ABS to receive accident,Finished,13/07/2015 0:00,8:20:00,No,Collision with vehicle,Monday,VEHICLE STRIKES DOOR OF PARKED/STATIONARY VEHICLE,No,Dusk/Dawn,No,Not at intersection,Other injury accident,50 km/hr,No,291932,144.9575193,-37.80001989,Non-Intersection,MELBOURNE,METROPOLITAN NORTH WEST REGION,2496259.055,2411221.639,2,1,0,0,1,1,2,0,1,0,1,0,0,0,0,0,0,0,0,0,No,0,2,0,1,0,0,MELB_URBAN,MELB_URBAN,MELBOURNE
2501570.582,2398346.569,65924,T20150015488,ABS to receive accident,Finished,13/07/2015 0:00,8:40:00,No,Collision with vehicle,Monday,REAR END(VEHICLES IN SAME LANE),No,Dusk/Dawn,Yes,Not at intersection,Other injury accident,80 km/hr,No,292067,145.0178332,-37.91602926,Non-Intersection,BAYSIDE,METROPOLITAN SOUTH EAST REGION,2501570.582,2398346.569,4,1,0,0,1,3,2,2,0,1,3,0,0,0,0,0,0,0,0,0,No,0,3,0,3,0,0,MELB_URBAN,MELB_URBAN,BAYSIDE
2368796.845,2683121.709,279,T20150014624,ABS to receive accident,Finished,13/07/2015 0:00,8:44:00,No,Collision with vehicle,Monday,OTHER ON PATH,No,Dusk/Dawn,Yes,Not at intersection,Other injury accident,40 km/hr,No,291728,143.557074,-35.34070743,Non-Intersection,SWAN HILL,NORTHERN REGION,2368796.845,2683121.709,2,2,0,0,2,0,1,1,0,0,2,0,0,0,0,0,0,0,1,0,No,0,3,0,3,0,0,TOWNS,TOWNS,SWAN HILL
2625626.084,2365900.854,582,T20150014883,ABS to receive accident,Finished,13/07/2015 0:00,8:50:00,No,Collision with a fixed object,Monday,LEFT OFF CARRIAGEWAY INTO OBJECT/PARKED VEHICLE,No,Dusk/Dawn,No,Not at intersection,Other injury accident,100 km/hr,Yes,291729,146.4341469,-38.19973896,Non-Intersection,LATROBE,EASTERN REGION,2625626.084,2365900.854,1,1,0,0,1,0,1,0,0,0,1,0,0,0,0,0,0,0,0,1,No,0,1,0,1,0,0,RURAL_VICTORIA,RURAL_VICTORIA,LATROBE
2499415.846,2410583.221,1787,T20150017058,ABS to receive accident,Finished,13/07/2015 0:00,8:55:00,No,Collision with vehicle,Monday,VEHICLE STRIKES ANOTHER VEH WHILE EMERGING FROM DRIVEWAY,No,Dusk/Dawn,No,Cross intersection,Other injury accident,50 km/hr,No,294030,145.0455356,-37.77181969,Non-Intersection,YARRA,METROPOLITAN NORTH WEST REGION,2499415.846,2410583.221,3,1,0,0,1,2,1,2,0,1,2,0,0,0,0,0,0,0,0,0,No,0,2,0,2,0,0,MELB_URBAN,MELB_URBAN,YARRA
2512948.463,2420471.953,421,T20150014673,ABS to receive accident,Finished,13/07/2015 0:00,9:00:00,No,Collision with vehicle,Monday,REAR END(VEHICLES IN SAME LANE),No,Day,No,Not at intersection,Other injury accident,60 km/hr,No,291604,145.1469772,-37.71658964,Non-Intersection,NILLUMBIK,METROPOLITAN NORTH WEST REGION,2512948.463,2420471.953,2,1,0,0,1,1,0,2,0,0,2,0,0,0,0,0,0,0,0,0,No,0,2,0,2,0,0,MELB_URBAN,MELB_URBAN,NILLUMBIK
2499422.582,2411557.298,400,T20150014620,ABS to receive accident,Finished,13/07/2015 0:00,9:37:00,No,Collision with vehicle,Monday,RIGHT THROUGH,No,Day,Yes,T intersection,Serious injury accident,60 km/hr,No,36693,144.993502,-37.79698535,Intersection,YARRA,METROPOLITAN NORTH WEST REGION,2499422.582,2411557.298,2,1,0,1,0,1,2,0,0,0,1,0,0,1,0,0,0,0,0,0,No,0,2,0,1,1,0,MELB_URBAN,MELB_URBAN,YARRA
2509274.95,2409470.754,380,T20150014618,ABS to receive accident,Finished,13/07/2015 0:00,10:00:00,No,Vehicle overturned (no collision),Monday,OUT OF CONTROL ON CARRIAGEWAY (ON STRAIGHT),No,Day,Yes,Not at intersection,Serious injury accident,60 km/hr,No,292428,145.1053396,-37.81569919,Non-Intersection,WHITEHORSE,METROPOLITAN SOUTH EAST REGION,2509274.95,2409470.754,1,1,0,1,0,0,1,0,0,0,0,0,0,1,0,0,0,0,0,0,No,0,1,0,0,1,0,MELB_URBAN,MELB_URBAN,WHITEHORSE
2495507.62,2408262.45,528,T20150014631,ABS to receive accident,Finished,13/07/2015 0:00,10:10:00,No,Collision with a fixed object,Monday,LEFT OFF CARRIAGEWAY INTO OBJECT/PARKED VEHICLE,No,Day,Yes,Not at intersection,Serious injury accident,80 km/hr,Yes,356998,144.9489421,-37.826736,Non-Intersection,MELBOURNE,METROPOLITAN NORTH WEST REGION,2495507.62,2408262.45,1,1,0,1,0,0,0,1,0,0,1,0,0,0,0,0,0,0,0,1,No,0,1,0,1,0,0,MELB_URBAN,MELB_URBAN,MELBOURNE
2359558.959,2456871.265,2023,T20150018154,ABS to receive accident,Finished,13/07/2015 0:00,10:30:00,No,Vehicle overturned (no collision),Monday,OUT OF CONTROL ON CARRIAGEWAY (ON STRAIGHT),No,Day,No,Not at intersection,Other injury accident,100 km/hr,No,294216,143.4142341,-37.37843416,Off Road,PYRENEES,WESTERN REGION,2359558.959,2456871.265,1,1,0,0,1,0,1,0,0,0,0,0,0,1,0,0,0,0,0,0,No,0,1,0,0,1,0,RURAL_VICTORIA,RURAL_VICTORIA,PYRENEES
2400604.003,2431083.283,280,T20150014632,ABS to receive accident,Finished,13/07/2015 0:00,11:45:00,No,Collision with a fixed object,Monday,RIGHT OFF CARRIAGEWAY INTO OBJECT/PARKED VEHICLE,No,Day,Yes,Not at intersection,Other injury accident,60 km/hr,Yes,291605,143.8741013,-37.61574258,Non-Intersection,BALLARAT,WESTERN REGION,2400604.003,2431083.283,2,2,0,0,2,0,2,0,0,1,1,0,0,0,0,0,0,0,0,1,No,0,1,0,1,0,0,LARGE_PROVINCIAL_CITIES,LARGE_PROVINCIAL_CITIES,BALLARAT
2495360.518,2426035.873,529,T20150014633,ABS to receive accident,Finished,13/07/2015 0:00,11:45:00,No,Collision with vehicle,Monday,RIGHT THROUGH,No,Day,Yes,T intersection,Serious injury accident,60 km/hr,No,45211,144.947438,-37.66654364,Intersection,HUME,METROPOLITAN NORTH WEST REGION,2495360.518,2426035.873,2,1,0,1,0,1,2,0,0,0,1,0,0,1,0,0,0,0,1,0,No,1,2,0,1,1,0,MELB_URBAN,MELB_URBAN,HUME
2531136.887,2415874.391,1228,T20150016099,ABS to receive accident,Finished,13/07/2015 0:00,12:30:00,No,Collision with vehicle,Monday,RIGHT FAR (INTERSECTIONS ONLY),No,Day,No,T intersection,Other injury accident,50 km/hr,No,38483,145.3533238,-37.75756689,Intersection,YARRA RANGES,METROPOLITAN SOUTH EAST REGION,2531136.887,2415874.391,2,1,0,0,1,1,1,1,0,0,2,0,0,0,0,0,0,0,0,0,No,0,2,1,1,0,0,MELB_URBAN,MELB_URBAN,YARRA RANGES
2529185.531,2404022.891,347,T20150014634,ABS to receive accident,Finished,13/07/2015 0:00,12:45:00,No,Collision with a fixed object,Monday,OFF RIGHT BEND INTO OBJECT/PARKED VEHICLE,No,Day,Yes,Not at intersection,Other injury accident,70 km/hr,Yes,291641,145.3316872,-37.8644129,Non-Intersection,YARRA RANGES,METROPOLITAN SOUTH EAST REGION,2529185.531,2404022.891,1,1,0,0,1,0,1,0,0,0,1,0,0,0,0,0,0,0,0,0,No,0,1,0,0,0,0,MELB_URBAN,MELB_URBAN,YARRA RANGES
2480781.993,2419203.637,428,T20150014815,ABS to receive accident,Finished,13/07/2015 0:00,14:40:00,No,Collision with vehicle,Monday,LANE SIDE SWIPE (VEHICLES IN PARALLEL LANES),No,Day,Yes,Cross intersection,Other injury accident,70 km/hr,No,292263,144.7820465,-37.72787449,Non-Intersection,BRIMBANK,METROPOLITAN NORTH WEST REGION,2480781.993,2419203.637,2,1,0,0,1,1,2,0,0,0,2,0,0,0,0,0,0,0,0,0,Yes,0,2,1,1,0,0,MELB_URBAN,MELB_URBAN,BRIMBANK
2250415.551,2526729.145,65867,T20150014650,ABS to receive accident,Finished,13/07/2015 0:00,15:14:00,No,Collision with vehicle,Monday,REAR END(VEHICLES IN SAME LANE),No,Day,Yes,Cross intersection,Other injury accident,60 km/hr,No,44793,142.2052501,-36.72601229,Intersection,HORSHAM,WESTERN REGION,2250415.551,2526729.145,4,1,0,0,1,3,3,1,0,2,2,0,0,0,0,0,0,0,0,1,No,0,2,0,2,0,0,SMALL_CITIES,SMALL_CITIES,HORSHAM
2510562.307,2406941.549,419,T20150014639,ABS to receive accident,Finished,13/07/2015 0:00,15:22:00,No,Collision with vehicle,Monday,RIGHT THROUGH,No,Day,Yes,Cross intersection,Serious injury accident,60 km/hr,No,40675,145.119991,-37.83850488,Intersection,WHITEHORSE,METROPOLITAN SOUTH EAST REGION,2510562.307,2406941.549,3,2,0,1,1,1,1,2,0,1,2,0,0,0,0,0,0,0,0,1,No,0,2,0,2,0,0,MELB_URBAN,MELB_URBAN,WHITEHORSE
2527411.96,2415831.387,399,T20150014656,ABS to receive accident,Finished,13/07/2015 0:00,15:26:00,No,Struck Pedestrian,Monday,PED NEAR SIDE. PED HIT BY VEHICLE FROM THE RIGHT.,No,Day,Yes,Not at intersection,Serious injury accident,50 km/hr,No,291570,145.3111628,-37.75807524,Non-Intersection,YARRA RANGES,METROPOLITAN SOUTH EAST REGION,2527411.96,2415831.387,2,1,0,1,0,1,1,1,0,0,1,1,0,0,0,0,1,0,0,1,No,0,1,0,1,0,0,MELB_URBAN,MELB_URBAN,YARRA RANGES
2492699.118,2420924.144,334,T20150014640,ABS to receive accident,Finished,13/07/2015 0:00,15:45:00,No,Collision with vehicle,Monday,RIGHT NEAR (INTERSECTIONS ONLY),No,Day,Yes,T intersection,Other injury accident,60 km/hr,No,41061,144.9171329,-37.71255799,Intersection,MORELAND,METROPOLITAN NORTH WEST REGION,2492699.118,2420924.144,2,1,0,0,1,1,2,0,0,0,2,0,0,0,0,0,0,0,0,0,No,0,2,0,2,0,0,MELB_URBAN,MELB_URBAN,MORELAND
2488053.613,2347634.387,576,T20150014643,ABS to receive accident,Finished,13/07/2015 0:00,15:50:00,No,Collision with vehicle,Monday,HEAD ON (NOT OVERTAKING),No,Day,Yes,Not at intersection,Other injury accident,50 km/hr,No,291614,144.8633516,-38.37279371,Non-Intersection,MORNINGTON PENINSULA,METROPOLITAN SOUTH EAST REGION,2488053.613,2347634.387,5,3,0,0,3,2,2,3,0,3,2,0,0,0,0,0,0,0,0,0,No,0,2,0,2,0,0,MELB_URBAN,MELB_URBAN,MORNINGTON PENINSULA
2649064.975,2574940.828,447,T20150014700,ABS to receive accident,Finished,13/07/2015 0:00,16:00:00,Yes,Collision with a fixed object,Monday,LEFT OFF CARRIAGEWAY INTO OBJECT/PARKED VEHICLE,No,Dusk/Dawn,No,Not at intersection,Other injury accident,100 km/hr,Yes,292650,146.6601169,-36.31279536,Non-Intersection,INDIGO,NORTH EASTERN REGION,2649064.975,2574940.828,1,1,0,0,1,0,0,0,0,0,1,0,0,0,0,0,0,0,0,0,No,0,1,0,1,0,0,RURAL_VICTORIA,RURAL_VICTORIA,INDIGO
2501799.702,2428446.186,1219,T20150016574,ABS to receive accident,Finished,13/07/2015 0:00,16:10:00,Yes,Collision with vehicle,Monday,RIGHT THROUGH,No,Dusk/Dawn,Yes,T intersection,Other injury accident,60 km/hr,No,57053,145.0204098,-37.6446458,Intersection,WHITTLESEA,METROPOLITAN NORTH WEST REGION,2501799.702,2428446.186,2,1,0,0,1,1,1,1,0,0,2,0,0,0,0,0,0,0,0,2,No,0,2,0,2,0,0,MELB_URBAN,MELB_URBAN,WHITTLESEA
2403020.222,2437373.114,65869,T20150014654,ABS to receive accident,Finished,13/07/2015 0:00,16:15:00,Yes,Collision with a fixed object,Monday,OFF LEFT BEND INTO OBJECT/PARKED VEHICLE,No,Day,No,Not at intersection,Serious injury accident,70 km/hr,Yes,604370,143.9022548,-37.55934765,Non-Intersection,BALLARAT,WESTERN REGION,2403020.222,2437373.114,1,1,0,1,0,0,0,1,0,0,1,0,0,0,0,0,0,0,0,1,No,0,1,0,1,0,0,LARGE_PROVINCIAL_CITIES,LARGE_PROVINCIAL_CITIES,BALLARAT
2500682.521,2420463.656,699,T20150015286,ABS to receive accident,Finished,13/07/2015 0:00,16:20:00,Yes,Collision with vehicle,Monday,REAR END(VEHICLES IN SAME LANE),No,Dusk/Dawn,No,Multiple intersection,Other injury accident,Not known,No,291983,145.0077677,-37.71678974,Intersection,DAREBIN,METROPOLITAN NORTH WEST REGION,2500682.521,2420463.656,2,1,0,0,1,1,1,1,0,0,2,0,0,0,0,0,0,0,0,0,No,0,2,0,2,0,0,MELB_URBAN,MELB_URBAN,DAREBIN
2523734.871,2409956.904,348,T20150014648,ABS to receive accident,Finished,13/07/2015 0:00,17:04:00,Yes,Struck Pedestrian,Monday,FAR SIDE. PED HIT BY VEHICLE FROM THE LEFT,No,Dark Street lights on,Yes,Not at intersection,Serious injury accident,70 km/hr,No,291820,145.2695287,-37.81109707,Non-Intersection,MAROONDAH,METROPOLITAN SOUTH EAST REGION,2523734.871,2409956.904,2,1,0,1,0,1,1,1,0,0,1,1,0,0,0,0,1,0,0,0,No,0,1,0,1,0,0,MELB_URBAN,MELB_URBAN,MAROONDAH
2513166.3,2412580.918,427,T20150014804,ABS to receive accident,Finished,13/07/2015 0:00,17:05:00,No,Collision with vehicle,Monday,REAR END(VEHICLES IN SAME LANE),No,Dusk/Dawn,No,T intersection,Other injury accident,70 km/hr,No,39404,145.1494614,-37.78767041,Intersection,MANNINGHAM,METROPOLITAN SOUTH EAST REGION,2513166.3,2412580.918,3,1,0,0,1,2,1,2,0,0,3,0,0,0,0,0,0,0,0,2,No,0,3,0,3,0,0,MELB_URBAN,MELB_URBAN,MANNINGHAM
2487934.502,2419504.424,335,T20150014644,ABS to receive accident,Finished,13/07/2015 0:00,17:10:00,No,Collision with vehicle,Monday,REAR END(VEHICLES IN SAME LANE),No,Dusk/Dawn,Yes,Not at intersection,Other injury accident,100 km/hr,No,291882,144.8635982,-37.72501025,Non-Intersection,BRIMBANK,METROPOLITAN NORTH WEST REGION,2487934.502,2419504.424,5,2,0,0,2,3,1,4,0,3,2,0,0,0,0,0,0,0,0,1,No,0,2,0,2,0,0,MELB_URBAN,MELB_URBAN,BRIMBANK
2474455.592,2420059.129,420,T20150014658,ABS to receive accident,Finished,13/07/2015 0:00,17:30:00,Yes,Collision with vehicle,Monday,REAR END(VEHICLES IN SAME LANE),No,Dark No street lights,Yes,Not at intersection,Other injury accident,60 km/hr,No,291613,144.7102317,-37.72003281,Non-Intersection,MELTON,METROPOLITAN NORTH WEST REGION,2474455.592,2420059.129,2,1,0,0,1,1,2,0,0,0,2,0,0,0,0,0,0,0,0,0,No,0,2,0,2,0,0,RURAL_VICTORIA,RURAL_VICTORIA,MELTON
2497452.716,2409402.171,8119,T20160000407,ABS to receive accident,Finished,13/07/2015 0:00,17:30:00,No,Collision with vehicle,Monday,REAR END(VEHICLES IN SAME LANE),No,Dusk/Dawn,No,Not at intersection,Other injury accident,50 km/hr,No,298225,144.9709391,-37.81621779,Non-Intersection,MELBOURNE,METROPOLITAN NORTH WEST REGION,2497452.716,2409402.171,2,1,0,0,1,1,2,0,0,0,1,0,0,1,0,0,0,0,0,0,No,0,2,0,1,1,0,MELBOURNE_CBD,"MELB_URBAN,MELBOURNE_CBD",MELBOURNE
2497142.842,2411537.254,66023,T20150016897,ABS to receive accident,Finished,13/07/2015 0:00,18:00:00,Yes,Struck Pedestrian,Monday,FAR SIDE. PED HIT BY VEHICLE FROM THE LEFT,No,Dark Street lights unknown,No,Cross intersection,Other injury accident,40 km/hr,No,109,144.9675577,-37.79715951,Intersection,MELBOURNE,METROPOLITAN NORTH WEST REGION,2497142.842,2411537.254,2,1,0,0,1,1,1,1,0,0,1,1,0,0,0,0,0,0,0,0,No,0,1,0,1,0,0,MELB_URBAN,MELB_URBAN,MELBOURNE
2503922.278,2363555.886,392,T20150014771,ABS to receive accident,Finished,13/07/2015 0:00,18:00:00,Yes,Struck Pedestrian,Monday,FAR SIDE. PED HIT BY VEHICLE FROM THE LEFT,No,Dark Street lights on,No,Cross intersection,Other injury accident,70 km/hr,No,291782,145.0448785,-38.22935546,Intersection,MORNINGTON PENINSULA,METROPOLITAN SOUTH EAST REGION,2503922.278,2363555.886,2,1,0,0,1,1,1,1,0,0,1,1,0,0,0,0,1,0,0,0,No,0,1,0,1,0,0,MELB_URBAN,MELB_URBAN,MORNINGTON PENINSULA
2501589.836,2413503.128,577,T20150014655,ABS to receive accident,Finished,13/07/2015 0:00,18:30:00,Yes,Collision with vehicle,Monday,RIGHT THROUGH,No,Dark Street lights on,Yes,Cross intersection,Other injury accident,50 km/hr,No,38044,145.0180479,-37.77944974,Intersection,DAREBIN,METROPOLITAN NORTH WEST REGION,2501589.836,2413503.128,4,1,0,0,1,3,2,0,0,0,3,0,0,0,1,0,0,0,0,0,No,0,4,0,3,0,0,MELB_URBAN,MELB_URBAN,DAREBIN
2479883.921,2412005.126,469,T20150014841,ABS to receive accident,Finished,13/07/2015 0:00,18:30:00,Yes,Collision with vehicle,Monday,REAR END(VEHICLES IN SAME LANE),No,Dark Street lights on,No,T intersection,Other injury accident,Not known,No,291778,144.7714313,-37.79258491,Off Road,BRIMBANK,METROPOLITAN NORTH WEST REGION,2479883.921,2412005.126,2,1,0,0,1,1,0,2,0,0,2,0,0,0,0,0,0,0,0,1,No,0,2,0,2,0,0,MELB_URBAN,MELB_URBAN,BRIMBANK
2526752.337,2384680.943,855,T20150015601,ABS to receive accident,Finished,13/07/2015 0:00,19:00:00,Yes,Collision with vehicle,Monday,RIGHT/LEFT FAR (INTERSECTIONS ONLY),No,Dark Street lights on,Yes,T intersection,Other injury accident,80 km/hr,No,37019,145.3047226,-38.03875222,Intersection,CASEY,METROPOLITAN SOUTH EAST REGION,2526752.337,2384680.943,2,2,0,0,2,0,2,0,0,0,2,0,0,0,0,0,0,0,0,1,No,1,2,0,2,0,0,MELB_URBAN,MELB_URBAN,CASEY
2503068.901,2399763.328,65868,T20150014653,ABS to receive accident,Finished,13/07/2015 0:00,19:30:00,Yes,Collision with vehicle,Monday,REAR END(VEHICLES IN SAME LANE),No,Dark Street lights on,Yes,Cross intersection,Serious injury accident,80 km/hr,No,41339,145.0347961,-37.90327668,Intersection,GLEN EIRA,METROPOLITAN SOUTH EAST REGION,2503068.901,2399763.328,2,1,0,1,0,1,2,0,0,0,2,0,0,0,0,0,0,0,0,0,No,0,2,0,2,0,0,MELB_URBAN,MELB_URBAN,GLEN EIRA
2505813.012,2401010.631,336,T20150014652,ABS to receive accident,Finished,13/07/2015 0:00,20:00:00,Yes,Collision with vehicle,Monday,VEHICLE STRIKES ANOTHER VEH WHILE EMERGING FROM DRIVEWAY,No,Dark Street lights on,Yes,Not at intersection,Other injury accident,Not known,No,291648,145.0662683,-37.89200768,Non-Intersection,GLEN EIRA,METROPOLITAN SOUTH EAST REGION,2505813.012,2401010.631,2,1,0,0,1,1,2,0,0,0,2,0,0,0,0,0,0,0,0,0,No,0,3,0,2,0,0,MELB_URBAN,MELB_URBAN,GLEN EIRA
2513796.409,2396430.27,658,T20150014900,ABS to receive accident,Finished,13/07/2015 0:00,20:25:00,Yes,Collision with vehicle,Monday,RIGHT THROUGH,No,Dark Street lights on,Yes,Cross intersection,Other injury accident,80 km/hr,No,10592,145.1566979,-37.93314797,Intersection,DANDENONG,METROPOLITAN SOUTH EAST REGION,2513796.409,2396430.27,7,5,0,0,5,2,4,3,0,4,3,0,0,0,0,0,0,0,0,0,No,0,3,0,3,0,0,MELB_URBAN,MELB_URBAN,"DANDENONG,MONASH"
2513562.06,2395543.066,4672,T20150022825,ABS to receive accident,Finished,13/07/2015 0:00,20:30:00,Yes,Collision with vehicle,Monday,REAR END(VEHICLES IN SAME LANE),Yes,Dark Street lights on,No,Not at intersection,Other injury accident,70 km/hr,No,297748,145.1543198,-37.94117824,Non-Intersection,DANDENONG,METROPOLITAN SOUTH EAST REGION,2513562.06,2395543.066,2,1,0,0,1,1,1,0,0,0,1,0,0,0,1,0,0,0,0,0,No,0,2,0,1,0,0,MELB_URBAN,MELB_URBAN,DANDENONG
2505770.738,2362501.884,578,T20150014659,ABS to receive accident,Finished,13/07/2015 0:00,21:15:00,Yes,Collision with vehicle,Monday,CROSS TRAFFIC(INTERSECTIONS ONLY),No,Dark Street lights on,Yes,Cross intersection,Other injury accident,60 km/hr,No,36422,145.0659057,-38.23893017,Intersection,MORNINGTON PENINSULA,METROPOLITAN SOUTH EAST REGION,2505770.738,2362501.884,2,1,0,0,1,1,1,1,0,0,2,0,0,0,0,0,0,0,0,0,No,0,2,0,2,0,0,MELB_URBAN,MELB_URBAN,MORNINGTON PENINSULA
2544046.518,2386153.111,65871,T20150014675,ABS to receive accident,Finished,13/07/2015 0:00,21:28:00,Yes,Collision with a fixed object,Monday,LEFT OFF CARRIAGEWAY INTO OBJECT/PARKED VEHICLE,No,Dark No street lights,Yes,Not at intersection,Other injury accident,80 km/hr,Yes,291606,145.5016142,-38.02478864,Non-Intersection,CARDINIA,METROPOLITAN SOUTH EAST REGION,2544046.518,2386153.111,3,1,0,0,1,2,1,2,0,2,1,0,0,0,0,0,0,0,0,0,No,0,1,0,1,0,0,RURAL_VICTORIA,RURAL_VICTORIA,CARDINIA
2452296.556,2471900.618,3270,T20150020636,ABS to receive accident,Finished,13/07/2015 0:00,21:30:00,Yes,No collision and no object struck,Monday,OFF CARRIAGEWAY TO RIGHT,No,Dark Street lights on,No,Cross intersection,Other injury accident,50 km/hr,Yes,57315,144.4622174,-37.25201655,Intersection,MACEDON RANGES,NORTHERN REGION,2452296.556,2471900.618,1,1,0,0,1,0,1,0,0,0,0,0,0,1,0,0,0,0,0,0,No,0,1,0,0,1,0,TOWNS,TOWNS,MACEDON RANGES
2486139.642,2407812.205,579,T20150014661,ABS to receive accident,Finished,13/07/2015 0:00,23:52:00,Yes,Struck Pedestrian,Monday,PED WALKING AGAINST TRAFFIC.,No,Dark Street lights on,Yes,Not at intersection,Other injury accident,60 km/hr,No,292351,144.84255,-37.83065,Non-Intersection,HOBSONS BAY,METROPOLITAN NORTH WEST REGION,2486139.642,2407812.205,3,1,0,0,1,2,2,1,0,1,1,1,0,0,0,0,0,0,0,1,No,1,1,0,1,0,0,MELB_URBAN,MELB_URBAN,HOBSONS BAY
2491567.592,2418389.617,1470,T20150016552,ABS to receive accident,Finished,13/07/2015 0:00,23:55:00,Yes,Collision with a fixed object,Monday,OFF LEFT BEND INTO OBJECT/PARKED VEHICLE,No,Dark Street lights on,Yes,Not at intersection,Other injury accident,100 km/hr,Yes,292886,144.9042764,-37.7353831,Non-Intersection,MOONEE VALLEY,METROPOLITAN NORTH WEST REGION,2491567.592,2418389.617,2,1,0,0,1,1,1,1,0,1,1,0,0,0,0,0,0,0,0,1,Yes,0,1,0,1,0,0,MELB_URBAN,MELB_URBAN,MOONEE VALLEY
2498753.811,2411319.703,445,T20150014665,ABS to receive accident,Finished,14/07/2015 0:00,0:40:00,Yes,Collision with vehicle,Tuesday,VEHICLE COLLIDES WITH VEHICLE PARKED ON LEFT OF ROAD,No,Dark Street lights off,Yes,Not at intersection,Other injury accident,40 km/hr,No,292541,144.9858807,-37.79895536,Non-Intersection,YARRA,METROPOLITAN NORTH WEST REGION,2498753.811,2411319.703,2,1,0,0,1,1,1,1,0,1,1,0,0,0,0,0,0,0,0,0,Yes,0,2,0,2,0,0,MELB_URBAN,MELB_URBAN,YARRA
2516460.018,2384883.392,570,T20150015109,ABS to receive accident,Finished,14/07/2015 0:00,6:45:00,No,Vehicle overturned (no collision),Tuesday,OUT OF CONTROL ON CARRIAGEWAY (ON BEND),No,Dark No street lights,No,Not at intersection,Other injury accident,80 km/hr,No,291823,145.1874936,-38.03715847,Non-Intersection,DANDENONG,METROPOLITAN SOUTH EAST REGION,2516460.018,2384883.392,1,1,0,0,1,0,1,0,0,0,0,0,0,1,0,0,0,0,0,0,No,0,1,0,0,1,0,MELB_URBAN,MELB_URBAN,DANDENONG
2481872.462,2413947.556,446,T20150014694,ABS to receive accident,Finished,14/07/2015 0:00,7:00:00,No,Collision with vehicle,Tuesday,REAR END(VEHICLES IN SAME LANE),No,Dusk/Dawn,Yes,Not at intersection,Other injury accident,100 km/hr,No,293058,144.7973488,-37.76831866,Non-Intersection,BRIMBANK,METROPOLITAN NORTH WEST REGION,2481872.462,2413947.556,3,1,0,0,1,2,0,3,0,1,2,0,0,0,0,0,0,0,0,0,No,0,2,0,2,0,0,MELB_URBAN,MELB_URBAN,BRIMBANK